station_id,station_name,classification,source,source_station_id,latitude,longitude,elevation_m,coverage_start,coverage_end,record_count,cadence_min,temperature_available,relative_humidity_available,pressure_available,pressure_basis,missingness,duplicate_count,out_of_order_count,gap_count,provenance
DELHI-AWS,Delhi-NCR AWS,REAL_HISTORICAL,Delhi-AWS,,28.6139,77.209,,2022-04-01 00:00:00,2024-12-31 23:55:00,289728,5.0,True,True,True,station_level_hpa,"{""pressure"": {""count"": 811, ""fraction"": 0.002799}, ""relative_humidity"": {""count"": 807, ""fraction"": 0.002785}, ""temperature"": {""count"": 807, ""fraction"": 0.002785}}",0.0,0.0,0.0,"{""timestamp_semantics"": ""naive-local IST (UTC+5:30)""}"
IMD-BENGALURU,IMD Bengaluru (SYNOP),LIVE_CAPABLE,IMD_WIS2,0-20000-0-43295,12.9716,77.5946,,,,0,180.0,True,False,True,station_level_hpa,null,,,,"{""audit_records_retrieved"": 16798, ""audit_window"": [""2026-06-21T00:00:00Z"", ""2026-09-28T12:00:00Z""], ""bulk_rows_in_repo"": 0}"
IMD-DELHI,IMD Delhi (SYNOP),LIVE_CAPABLE,IMD_WIS2,0-20000-0-42182,28.6139,77.209,,,,0,180.0,True,False,False,unavailable,null,,,,"{""audit_records_retrieved"": 15108, ""audit_window"": [""2026-06-21T00:00:00Z"", ""2026-09-28T12:00:00Z""], ""bulk_rows_in_repo"": 0}"
IMD-KOLKATA,IMD Kolkata (SYNOP),LIVE_CAPABLE,IMD_WIS2,0-20000-0-42809,22.5726,88.3639,,,,0,180.0,True,False,False,unavailable,null,,,,"{""audit_records_retrieved"": 16113, ""audit_window"": [""2026-06-21T00:00:00Z"", ""2026-09-28T12:00:00Z""], ""bulk_rows_in_repo"": 0}"
IMD-PATNA,IMD Patna (SYNOP),LIVE_CAPABLE,IMD_WIS2,0-20000-0-42492,25.6,85.1667,57.0,,,0,180.0,True,False,False,unavailable,null,,,,"{""audit_records_retrieved"": 16121, ""audit_window"": [""2026-06-21T00:00:00Z"", ""2026-09-28T12:00:00Z""], ""bulk_rows_in_repo"": 0}"
IMD-PUNE,IMD Pune (SYNOP),LIVE_CAPABLE,IMD_WIS2,0-20000-0-43063,18.5204,73.8567,,,,0,180.0,True,False,True,station_level_hpa,null,,,,"{""audit_records_retrieved"": 17728, ""audit_window"": [""2026-06-21T00:00:00Z"", ""2026-09-28T09:00:00Z""], ""bulk_rows_in_repo"": 0}"
INI0000VABB,CHHATRAPATI SHIVAJI INTL,REAL_HISTORICAL,GHCNh,INI0000VABB,19.0887,72.8679,11.3,2022-01-01 00:00:00+00:00,2024-12-31 23:30:00+00:00,51882,30.0,True,True,True,altimeter_qnh_hpa,"{""pressure"": {""count"": 148, ""fraction"": 0.002853}, ""relative_humidity"": {""count"": 8, ""fraction"": 0.000154}, ""temperature"": {""count"": 3, ""fraction"": 5.8e-05}}",0.0,0.0,73.0,"{""manifest_cadence_min"": 30.0, ""manifest_rows"": 51882, ""processed_file"": ""data/noaa/processed/INI0000VABB_2022_2024.csv"", ""processed_sha256"": ""dcdd1e401da492a34b20f8d78cc02e52327f15ef77362d42043a506f090b1964""}"
INI0000VABP,BHOPAL,REAL_HISTORICAL,GHCNh,INI0000VABP,23.2875,77.3374,524.0,2022-01-01 00:00:00+00:00,2024-12-31 21:00:00+00:00,28405,30.0,True,True,True,altimeter_qnh_hpa,"{""pressure"": {""count"": 1154, ""fraction"": 0.040627}, ""relative_humidity"": {""count"": 52, ""fraction"": 0.001831}, ""temperature"": {""count"": 19, ""fraction"": 0.000669}}",0.0,0.0,4007.0,"{""manifest_cadence_min"": 30.0, ""manifest_rows"": 28405, ""processed_file"": ""data/noaa/processed/INI0000VABP_2022_2024.csv"", ""processed_sha256"": ""59184b9034ee679e625ed4e87390bc51186667d083886610351711e3251742e1""}"
INI0000VAPO,PUNE,REAL_HISTORICAL,GHCNh,INI0000VAPO,18.5821,73.9197,591.9,2022-08-17 08:30:00+00:00,2024-12-31 13:30:00+00:00,3488,30.0,True,True,True,altimeter_qnh_hpa,"{""pressure"": {""count"": 0, ""fraction"": 0.0}, ""relative_humidity"": {""count"": 3, ""fraction"": 0.00086}, ""temperature"": {""count"": 1, ""fraction"": 0.000287}}",0.0,0.0,999.0,"{""manifest_cadence_min"": 30.0, ""manifest_rows"": 3488, ""processed_file"": ""data/noaa/processed/INI0000VAPO_2022_2024.csv"", ""processed_sha256"": ""bc2a5373756d23e09bc738260a1d89d5c2bd456631def5ff96fe94eaaa515a13""}"
INI0000VICG,CHANDIGARH,REAL_HISTORICAL,GHCNh,INI0000VICG,30.6735,76.7885,308.5,2022-06-20 20:30:00+00:00,2024-12-30 21:00:00+00:00,2764,30.0,True,True,True,altimeter_qnh_hpa,"{""pressure"": {""count"": 0, ""fraction"": 0.0}, ""relative_humidity"": {""count"": 1, ""fraction"": 0.000362}, ""temperature"": {""count"": 1, ""fraction"": 0.000362}}",0.0,0.0,734.0,"{""manifest_cadence_min"": 30.0, ""manifest_rows"": 2764, ""processed_file"": ""data/noaa/processed/INI0000VICG_2022_2024.csv"", ""processed_sha256"": ""8c9759b79a0f32844789e71438191cc0d43ce3e5f535f10b849b037f27be0903""}"
INI0000VIDD,SAFDARJUNG,REAL_HISTORICAL,GHCNh,INI0000VIDD,28.5845,77.2058,214.9,2022-01-01 00:00:00+00:00,2024-12-31 21:00:00+00:00,9879,180.0,True,True,True,altimeter_qnh_hpa,"{""pressure"": {""count"": 8297, ""fraction"": 0.839862}, ""relative_humidity"": {""count"": 7, ""fraction"": 0.000709}, ""temperature"": {""count"": 2, ""fraction"": 0.000202}}",0.0,0.0,9.0,"{""manifest_cadence_min"": 180.0, ""manifest_rows"": 9879, ""processed_file"": ""data/noaa/processed/INI0000VIDD_2022_2024.csv"", ""processed_sha256"": ""f893a811503fbd59fcbc8fda83da71b0a54e8a028bc32b527610686901a39fb0""}"
INI0000VIJP,JAIPUR,REAL_HISTORICAL,GHCNh,INI0000VIJP,26.8242,75.8122,385.0,2022-01-01 00:00:00+00:00,2024-12-31 23:30:00+00:00,52046,30.0,True,True,True,altimeter_qnh_hpa,"{""pressure"": {""count"": 130, ""fraction"": 0.002498}, ""relative_humidity"": {""count"": 22, ""fraction"": 0.000423}, ""temperature"": {""count"": 15, ""fraction"": 0.000288}}",0.0,0.0,46.0,"{""manifest_cadence_min"": 30.0, ""manifest_rows"": 52046, ""processed_file"": ""data/noaa/processed/INI0000VIJP_2022_2024.csv"", ""processed_sha256"": ""f02256df6439801917d0bda5e29ca37d5e7bd431f9fbaa01953ba828bb9192d4""}"
INI0000VILK,LUCKNOW,REAL_HISTORICAL,GHCNh,INI0000VILK,26.7606,80.8893,125.0,2022-01-01 00:00:00+00:00,2024-12-31 22:30:00+00:00,48669,30.0,True,True,True,altimeter_qnh_hpa,"{""pressure"": {""count"": 1054, ""fraction"": 0.021656}, ""relative_humidity"": {""count"": 22, ""fraction"": 0.000452}, ""temperature"": {""count"": 12, ""fraction"": 0.000247}}",0.0,0.0,375.0,"{""manifest_cadence_min"": 30.0, ""manifest_rows"": 48669, ""processed_file"": ""data/noaa/processed/INI0000VILK_2022_2024.csv"", ""processed_sha256"": ""ad7259226f038d0e738a618a3d0dd82f35d599ac950d3521abb6e173912eb3e0""}"
INI0000VOBL,BANGALURU INTL AIRPORT,REAL_HISTORICAL,GHCNh,INI0000VOBL,13.2,77.7,915.0,2022-01-01 00:00:00+00:00,2024-12-31 23:30:00+00:00,52289,30.0,True,True,True,altimeter_qnh_hpa,"{""pressure"": {""count"": 11, ""fraction"": 0.00021}, ""relative_humidity"": {""count"": 12, ""fraction"": 0.000229}, ""temperature"": {""count"": 8, ""fraction"": 0.000153}}",0.0,0.0,46.0,"{""manifest_cadence_min"": 30.0, ""manifest_rows"": 52289, ""processed_file"": ""data/noaa/processed/INI0000VOBL_2022_2024.csv"", ""processed_sha256"": ""fe0425e277de6eb1e8445a9be219b0334c67ad1ca5ae7e0863e80e643a928a01""}"
INI0000VOHS,HYDERABAD INTL AIRPORT,REAL_HISTORICAL,GHCNh,INI0000VOHS,17.2333,78.4167,617.0,2022-01-01 00:30:00+00:00,2024-12-31 23:30:00+00:00,49747,30.0,True,True,True,altimeter_qnh_hpa,"{""pressure"": {""count"": 2, ""fraction"": 4e-05}, ""relative_humidity"": {""count"": 3, ""fraction"": 6e-05}, ""temperature"": {""count"": 2, ""fraction"": 4e-05}}",0.0,0.0,122.0,"{""manifest_cadence_min"": 30.0, ""manifest_rows"": 49747, ""processed_file"": ""data/noaa/processed/INI0000VOHS_2022_2024.csv"", ""processed_sha256"": ""a124f6205aa76fc881117653b063b38721ce46fd0f2ca00e6b3d798a2c9d0bef""}"
INI0000VOMM,CHENNAI INTL,REAL_HISTORICAL,GHCNh,INI0000VOMM,12.9944,80.1805,15.8,2022-01-01 00:00:00+00:00,2024-12-31 23:30:00+00:00,52022,30.0,True,True,True,altimeter_qnh_hpa,"{""pressure"": {""count"": 81, ""fraction"": 0.001557}, ""relative_humidity"": {""count"": 4, ""fraction"": 7.7e-05}, ""temperature"": {""count"": 3, ""fraction"": 5.8e-05}}",0.0,0.0,50.0,"{""manifest_cadence_min"": 30.0, ""manifest_rows"": 52022, ""processed_file"": ""data/noaa/processed/INI0000VOMM_2022_2024.csv"", ""processed_sha256"": ""b4ebade21a271d0896f2211318dbaf007d123e70b2a24374806f72a40bdcb747""}"
INI0000VOTV,THIRUVANANTHAPURAM INTL,REAL_HISTORICAL,GHCNh,INI0000VOTV,8.4821,76.9201,4.6,2022-01-01 00:00:00+00:00,2024-12-31 23:30:00+00:00,51710,30.0,True,True,True,altimeter_qnh_hpa,"{""pressure"": {""count"": 46, ""fraction"": 0.00089}, ""relative_humidity"": {""count"": 3, ""fraction"": 5.8e-05}, ""temperature"": {""count"": 3, ""fraction"": 5.8e-05}}",0.0,0.0,83.0,"{""manifest_cadence_min"": 30.0, ""manifest_rows"": 51710, ""processed_file"": ""data/noaa/processed/INI0000VOTV_2022_2024.csv"", ""processed_sha256"": ""105478491eda1a5604c07c54ce7dcc8db49c634e863bb26ed2ffb238e6ba58a4""}"
INU042410-1,GAUHATI,REAL_HISTORICAL,GHCNh,INU042410-1,26.1,91.58,54.0,2022-01-01 00:00:00+00:00,2024-12-31 23:30:00+00:00,48808,30.0,True,True,True,altimeter_qnh_hpa,"{""pressure"": {""count"": 832, ""fraction"": 0.017046}, ""relative_humidity"": {""count"": 17, ""fraction"": 0.000348}, ""temperature"": {""count"": 3, ""fraction"": 6.1e-05}}",0.0,0.0,643.0,"{""manifest_cadence_min"": 30.0, ""manifest_rows"": 48808, ""processed_file"": ""data/noaa/processed/INU042410-1_2022_2024.csv"", ""processed_sha256"": ""6d73587deeb14c124c0e179b37e55474dfff6a0159b7dd9a91b4a2f4366a8ca9""}"
INU042809-1,CALCUTTA/DUMDUM,REAL_HISTORICAL,GHCNh,INU042809-1,22.65,88.45,6.0,2022-01-01 00:00:00+00:00,2024-12-31 23:30:00+00:00,52435,30.0,True,True,True,altimeter_qnh_hpa,"{""pressure"": {""count"": 1267, ""fraction"": 0.024163}, ""relative_humidity"": {""count"": 14, ""fraction"": 0.000267}, ""temperature"": {""count"": 6, ""fraction"": 0.000114}}",0.0,0.0,32.0,"{""manifest_cadence_min"": 30.0, ""manifest_rows"": 52435, ""processed_file"": ""data/noaa/processed/INU042809-1_2022_2024.csv"", ""processed_sha256"": ""d6d094e3933d8dce443c8ed68dbce0a89950b9007ab432f8ecd85e98ed901807""}"
