target_station,neighbor_station,distance_km,rank,selected
INI0000VABB,INI0000VABP,657.69,1,False
INI0000VABB,INI0000VOBL,833.56,2,False
INI0000VABB,INI0000VIJP,911.33,3,False
INI0000VABB,INI0000VOMM,1033.98,4,False
INI0000VABB,INI0000VIDD,1144.04,5,False
INI0000VABB,INI0000VILK,1183.58,6,False
INI0000VABB,INI0000VOTV,1257.71,7,False
INI0000VABB,INU042809-1,1665.73,8,False
INI0000VABB,INU042410-1,2070.3,9,False
INI0000VABP,INI0000VIJP,422.19,1,True
INI0000VABP,INI0000VILK,526.45,2,True
INI0000VABP,INI0000VIDD,589.15,3,True
INI0000VABP,INI0000VABB,657.69,4,False
INI0000VABP,INI0000VOBL,1122.33,5,False
INI0000VABP,INU042809-1,1139.63,6,False
INI0000VABP,INI0000VOMM,1183.18,7,False
INI0000VABP,INU042410-1,1471.61,8,False
INI0000VABP,INI0000VOTV,1646.89,9,False
INI0000VIDD,INI0000VIJP,239.02,1,True
INI0000VIDD,INI0000VILK,415.55,2,True
INI0000VIDD,INI0000VABP,589.15,3,True
INI0000VIDD,INI0000VABB,1144.04,4,False
INI0000VIDD,INU042809-1,1305.29,5,False
INI0000VIDD,INU042410-1,1445.43,6,False
INI0000VIDD,INI0000VOBL,1711.44,7,False
INI0000VIDD,INI0000VOMM,1760.67,8,False
INI0000VIDD,INI0000VOTV,2235.49,9,False
INI0000VIJP,INI0000VIDD,239.02,1,True
INI0000VIJP,INI0000VABP,422.19,2,True
INI0000VIJP,INI0000VILK,503.96,3,True
INI0000VIJP,INI0000VABB,911.33,4,False
INI0000VIJP,INU042809-1,1357.23,5,False
INI0000VIJP,INI0000VOBL,1527.65,6,False
INI0000VIJP,INU042410-1,1570.67,7,False
INI0000VIJP,INI0000VOMM,1603.74,8,False
INI0000VIJP,INI0000VOTV,2042.89,9,False
INI0000VILK,INI0000VIDD,415.55,1,True
INI0000VILK,INI0000VIJP,503.96,2,True
INI0000VILK,INI0000VABP,526.45,3,True
INI0000VILK,INU042809-1,889.77,4,False
INI0000VILK,INU042410-1,1066.72,5,False
INI0000VILK,INI0000VABB,1183.58,6,False
INI0000VILK,INI0000VOMM,1532.52,7,False
INI0000VILK,INI0000VOBL,1544.03,8,False
INI0000VILK,INI0000VOTV,2075.08,9,False
INI0000VOBL,INI0000VOMM,269.61,1,True
INI0000VOBL,INI0000VOTV,531.47,2,True
INI0000VOBL,INI0000VABB,833.56,3,False
INI0000VOBL,INI0000VABP,1122.33,4,False
INI0000VOBL,INI0000VIJP,1527.65,5,False
INI0000VOBL,INI0000VILK,1544.03,6,False
INI0000VOBL,INU042809-1,1547.08,7,False
INI0000VOBL,INI0000VIDD,1711.44,8,False
INI0000VOBL,INU042410-1,2038.79,9,False
INI0000VOMM,INI0000VOBL,269.61,1,True
INI0000VOMM,INI0000VOTV,615.26,2,False
INI0000VOMM,INI0000VABB,1033.98,3,False
INI0000VOMM,INI0000VABP,1183.18,4,False
INI0000VOMM,INU042809-1,1384.4,5,False
INI0000VOMM,INI0000VILK,1532.52,6,False
INI0000VOMM,INI0000VIJP,1603.74,7,False
INI0000VOMM,INI0000VIDD,1760.67,8,False
INI0000VOMM,INU042410-1,1881.86,9,False
INI0000VOTV,INI0000VOBL,531.47,1,True
INI0000VOTV,INI0000VOMM,615.26,2,False
INI0000VOTV,INI0000VABB,1257.71,3,False
INI0000VOTV,INI0000VABP,1646.89,4,False
INI0000VOTV,INU042809-1,1999.31,5,False
INI0000VOTV,INI0000VIJP,2042.89,6,False
INI0000VOTV,INI0000VILK,2075.08,7,False
INI0000VOTV,INI0000VIDD,2235.49,8,False
INI0000VOTV,INU042410-1,2496.87,9,False
INU042410-1,INU042809-1,497.61,1,True
INU042410-1,INI0000VILK,1066.72,2,False
INU042410-1,INI0000VIDD,1445.43,3,False
INU042410-1,INI0000VABP,1471.61,4,False
INU042410-1,INI0000VIJP,1570.67,5,False
INU042410-1,INI0000VOMM,1881.86,6,False
INU042410-1,INI0000VOBL,2038.79,7,False
INU042410-1,INI0000VABB,2070.3,8,False
INU042410-1,INI0000VOTV,2496.87,9,False
INU042809-1,INU042410-1,497.61,1,True
INU042809-1,INI0000VILK,889.77,2,False
INU042809-1,INI0000VABP,1139.63,3,False
INU042809-1,INI0000VIDD,1305.29,4,False
INU042809-1,INI0000VIJP,1357.23,5,False
INU042809-1,INI0000VOMM,1384.4,6,False
INU042809-1,INI0000VOBL,1547.08,7,False
INU042809-1,INI0000VABB,1665.73,8,False
INU042809-1,INI0000VOTV,1999.31,9,False
