timestamp,station_id,temperature_c,relative_humidity_pct,pressure_hpa
2025-06-01 00:00:00,BHOPAL-S1,16.0,86.8,997.4
2025-06-01 00:00:00,JAIPUR-S2,20.7,44.5,1009.5
2025-06-01 00:00:00,PATNA-S3,20.0,82.8,1001.6
2025-06-01 00:05:00,BHOPAL-S1,16.1,86.7,997.4
2025-06-01 00:05:00,JAIPUR-S2,20.8,44.4,1009.5
2025-06-01 00:05:00,PATNA-S3,20.1,82.7,1001.6
2025-06-01 00:10:00,BHOPAL-S1,16.2,86.7,997.4
2025-06-01 00:10:00,JAIPUR-S2,20.9,44.3,1009.5
2025-06-01 00:10:00,PATNA-S3,20.2,82.7,1001.6
2025-06-01 00:15:00,BHOPAL-S1,16.2,86.6,997.4
2025-06-01 00:15:00,JAIPUR-S2,21.1,44.3,1009.5
2025-06-01 00:15:00,PATNA-S3,20.2,82.6,1001.6
2025-06-01 00:20:00,BHOPAL-S1,16.3,86.6,997.4
2025-06-01 00:20:00,JAIPUR-S2,21.2,44.2,1009.5
2025-06-01 00:20:00,PATNA-S3,20.3,82.6,1001.6
2025-06-01 00:25:00,BHOPAL-S1,16.4,86.5,997.4
2025-06-01 00:25:00,JAIPUR-S2,21.3,44.1,1009.5
2025-06-01 00:25:00,PATNA-S3,20.4,82.5,1001.6
2025-06-01 00:30:00,BHOPAL-S1,16.5,86.4,997.4
2025-06-01 00:30:00,JAIPUR-S2,21.4,44.0,1009.5
2025-06-01 00:30:00,PATNA-S3,20.5,82.4,1001.6
2025-06-01 00:35:00,BHOPAL-S1,16.5,86.4,997.4
2025-06-01 00:35:00,JAIPUR-S2,21.5,44.0,1009.5
2025-06-01 00:35:00,PATNA-S3,20.5,82.4,1001.6
2025-06-01 00:40:00,BHOPAL-S1,16.6,86.3,997.4
2025-06-01 00:40:00,JAIPUR-S2,21.6,43.9,1009.5
2025-06-01 00:40:00,PATNA-S3,20.6,82.3,1001.6
2025-06-01 00:45:00,BHOPAL-S1,16.7,86.3,997.4
2025-06-01 00:45:00,JAIPUR-S2,21.7,43.8,1009.5
2025-06-01 00:45:00,PATNA-S3,20.7,82.3,1001.6
2025-06-01 00:50:00,BHOPAL-S1,16.7,86.2,997.5
2025-06-01 00:50:00,JAIPUR-S2,21.8,43.7,1009.5
2025-06-01 00:50:00,PATNA-S3,20.7,82.2,1001.6
2025-06-01 00:55:00,BHOPAL-S1,16.8,86.1,997.5
2025-06-01 00:55:00,JAIPUR-S2,21.9,43.7,1009.5
2025-06-01 00:55:00,PATNA-S3,20.8,82.1,1001.6
2025-06-01 01:00:00,BHOPAL-S1,16.9,86.1,997.5
2025-06-01 01:00:00,JAIPUR-S2,22.0,43.6,1009.5
2025-06-01 01:00:00,PATNA-S3,20.9,82.1,1001.6
2025-06-01 01:05:00,BHOPAL-S1,17.0,86.0,997.5
2025-06-01 01:05:00,JAIPUR-S2,22.1,43.5,1009.5
2025-06-01 01:05:00,PATNA-S3,21.0,82.0,1001.6
2025-06-01 01:10:00,BHOPAL-S1,17.0,86.0,997.5
2025-06-01 01:10:00,JAIPUR-S2,22.2,43.5,1009.5
2025-06-01 01:10:00,PATNA-S3,21.0,82.0,1001.6
2025-06-01 01:15:00,BHOPAL-S1,17.1,85.9,997.5
2025-06-01 01:15:00,JAIPUR-S2,22.3,43.4,1009.6
2025-06-01 01:15:00,PATNA-S3,21.1,81.9,1001.6
2025-06-01 01:20:00,BHOPAL-S1,17.2,85.9,997.5
2025-06-01 01:20:00,JAIPUR-S2,22.4,43.3,1009.6
2025-06-01 01:20:00,PATNA-S3,21.2,81.9,1001.6
2025-06-01 01:25:00,BHOPAL-S1,17.2,85.8,997.5
2025-06-01 01:25:00,JAIPUR-S2,22.5,43.2,1009.6
2025-06-01 01:25:00,PATNA-S3,21.2,81.8,1001.6
2025-06-01 01:30:00,BHOPAL-S1,17.3,85.8,997.5
2025-06-01 01:30:00,JAIPUR-S2,22.6,43.2,1009.6
2025-06-01 01:30:00,PATNA-S3,21.3,81.8,1001.6
2025-06-01 01:35:00,BHOPAL-S1,17.4,85.7,997.5
2025-06-01 01:35:00,JAIPUR-S2,22.7,43.1,1009.6
2025-06-01 01:35:00,PATNA-S3,21.4,81.7,1001.7
2025-06-01 01:40:00,BHOPAL-S1,17.4,85.6,997.5
2025-06-01 01:40:00,JAIPUR-S2,22.8,43.0,1009.6
2025-06-01 01:40:00,PATNA-S3,21.4,81.6,1001.7
2025-06-01 01:45:00,BHOPAL-S1,17.5,85.6,997.5
2025-06-01 01:45:00,JAIPUR-S2,22.9,43.0,1009.6
2025-06-01 01:45:00,PATNA-S3,21.5,81.6,1001.7
2025-06-01 01:50:00,BHOPAL-S1,17.6,85.5,997.5
2025-06-01 01:50:00,JAIPUR-S2,23.0,42.9,1009.6
2025-06-01 01:50:00,PATNA-S3,21.6,81.5,1001.7
2025-06-01 01:55:00,BHOPAL-S1,17.6,85.5,997.5
2025-06-01 01:55:00,JAIPUR-S2,23.1,42.8,1009.6
2025-06-01 01:55:00,PATNA-S3,21.6,81.5,1001.7
2025-06-01 02:00:00,BHOPAL-S1,17.7,85.4,997.5
2025-06-01 02:00:00,JAIPUR-S2,23.2,42.8,1009.6
2025-06-01 02:00:00,PATNA-S3,21.7,81.4,1001.7
2025-06-01 02:05:00,BHOPAL-S1,17.8,85.4,997.5
2025-06-01 02:05:00,JAIPUR-S2,23.3,42.7,1009.6
2025-06-01 02:05:00,PATNA-S3,21.8,81.4,1001.7
2025-06-01 02:10:00,BHOPAL-S1,17.8,85.3,997.5
2025-06-01 02:10:00,JAIPUR-S2,23.4,42.6,1009.6
2025-06-01 02:10:00,PATNA-S3,21.8,81.3,1001.7
2025-06-01 02:15:00,BHOPAL-S1,17.9,85.3,997.5
2025-06-01 02:15:00,JAIPUR-S2,23.5,42.6,1009.6
2025-06-01 02:15:00,PATNA-S3,21.9,81.3,1001.7
2025-06-01 02:20:00,BHOPAL-S1,18.0,85.2,997.5
2025-06-01 02:20:00,JAIPUR-S2,23.6,42.5,1009.6
2025-06-01 02:20:00,PATNA-S3,22.0,81.2,1001.7
2025-06-01 02:25:00,BHOPAL-S1,18.0,85.2,997.5
2025-06-01 02:25:00,JAIPUR-S2,23.6,42.4,1009.6
2025-06-01 02:25:00,PATNA-S3,22.0,81.2,1001.7
2025-06-01 02:30:00,BHOPAL-S1,18.1,85.1,997.5
2025-06-01 02:30:00,JAIPUR-S2,23.7,42.4,1009.6
2025-06-01 02:30:00,PATNA-S3,22.1,81.1,1001.7
2025-06-01 02:35:00,BHOPAL-S1,18.1,85.1,997.6
2025-06-01 02:35:00,JAIPUR-S2,23.8,42.3,1009.6
2025-06-01 02:35:00,PATNA-S3,22.1,81.1,1001.7
2025-06-01 02:40:00,BHOPAL-S1,18.2,85.0,997.6
2025-06-01 02:40:00,JAIPUR-S2,23.9,42.3,1009.6
2025-06-01 02:40:00,PATNA-S3,22.2,81.0,1001.7
2025-06-01 02:45:00,BHOPAL-S1,18.3,85.0,997.6
2025-06-01 02:45:00,JAIPUR-S2,24.0,42.2,1009.6
2025-06-01 02:45:00,PATNA-S3,22.3,81.0,1001.7
2025-06-01 02:50:00,BHOPAL-S1,18.3,84.9,997.6
2025-06-01 02:50:00,JAIPUR-S2,24.1,42.1,1009.6
2025-06-01 02:50:00,PATNA-S3,22.3,80.9,1001.7
2025-06-01 02:55:00,BHOPAL-S1,18.4,84.9,997.6
2025-06-01 02:55:00,JAIPUR-S2,24.2,42.1,1009.6
2025-06-01 02:55:00,PATNA-S3,22.4,80.9,1001.7
2025-06-01 03:00:00,BHOPAL-S1,18.4,84.8,997.6
2025-06-01 03:00:00,JAIPUR-S2,24.3,42.0,1009.6
2025-06-01 03:00:00,PATNA-S3,22.4,80.8,1001.7
2025-06-01 03:05:00,BHOPAL-S1,18.5,84.8,997.6
2025-06-01 03:05:00,JAIPUR-S2,24.4,41.9,1009.6
2025-06-01 03:05:00,PATNA-S3,22.5,80.8,1001.7
2025-06-01 03:10:00,BHOPAL-S1,18.6,84.7,997.6
2025-06-01 03:10:00,JAIPUR-S2,24.4,41.9,1009.6
2025-06-01 03:10:00,PATNA-S3,22.6,80.7,1001.7
2025-06-01 03:15:00,BHOPAL-S1,18.6,84.7,997.6
2025-06-01 03:15:00,JAIPUR-S2,24.5,41.8,1009.6
2025-06-01 03:15:00,PATNA-S3,22.6,80.7,1001.7
2025-06-01 03:20:00,BHOPAL-S1,18.7,84.7,997.6
2025-06-01 03:20:00,JAIPUR-S2,24.6,41.8,1009.6
2025-06-01 03:20:00,PATNA-S3,22.7,80.7,1001.7
2025-06-01 03:25:00,BHOPAL-S1,18.7,84.6,997.6
2025-06-01 03:25:00,JAIPUR-S2,24.7,41.7,1009.6
2025-06-01 03:25:00,PATNA-S3,22.7,80.6,1001.7
2025-06-01 03:30:00,BHOPAL-S1,18.8,84.6,997.6
2025-06-01 03:30:00,JAIPUR-S2,24.8,41.7,1009.6
2025-06-01 03:30:00,PATNA-S3,22.8,80.6,1001.7
2025-06-01 03:35:00,BHOPAL-S1,18.9,84.5,997.6
2025-06-01 03:35:00,JAIPUR-S2,24.9,41.6,1009.6
2025-06-01 03:35:00,PATNA-S3,22.9,80.5,1001.7
2025-06-01 03:40:00,BHOPAL-S1,18.9,84.5,997.6
2025-06-01 03:40:00,JAIPUR-S2,24.9,41.5,1009.7
2025-06-01 03:40:00,PATNA-S3,22.9,80.5,1001.7
2025-06-01 03:45:00,BHOPAL-S1,19.0,84.4,997.6
2025-06-01 03:45:00,JAIPUR-S2,25.0,41.5,1009.7
2025-06-01 03:45:00,PATNA-S3,23.0,80.4,1001.7
2025-06-01 03:50:00,BHOPAL-S1,19.0,84.4,997.6
2025-06-01 03:50:00,JAIPUR-S2,25.1,41.4,1009.7
2025-06-01 03:50:00,PATNA-S3,23.0,80.4,1001.7
2025-06-01 03:55:00,BHOPAL-S1,19.1,84.3,997.6
2025-06-01 03:55:00,JAIPUR-S2,25.2,41.4,1009.7
2025-06-01 03:55:00,PATNA-S3,23.1,80.3,1001.7
2025-06-01 04:00:00,BHOPAL-S1,19.1,84.3,997.6
2025-06-01 04:00:00,JAIPUR-S2,25.3,41.3,1009.7
2025-06-01 04:00:00,PATNA-S3,23.1,80.3,1001.7
2025-06-01 04:05:00,BHOPAL-S1,19.2,84.3,997.6
2025-06-01 04:05:00,JAIPUR-S2,25.3,41.3,1009.7
2025-06-01 04:05:00,PATNA-S3,23.2,80.3,1001.7
2025-06-01 04:10:00,BHOPAL-S1,19.2,,997.6
2025-06-01 04:10:00,JAIPUR-S2,25.4,41.2,1009.7
2025-06-01 04:10:00,PATNA-S3,23.2,80.2,1001.7
2025-06-01 04:15:00,BHOPAL-S1,19.3,84.2,997.7
2025-06-01 04:15:00,JAIPUR-S2,25.5,41.1,1009.7
2025-06-01 04:15:00,PATNA-S3,23.3,80.2,1001.7
2025-06-01 04:20:00,BHOPAL-S1,19.3,84.1,997.7
2025-06-01 04:20:00,JAIPUR-S2,25.6,41.1,1009.7
2025-06-01 04:20:00,PATNA-S3,23.3,80.1,1001.7
2025-06-01 04:25:00,BHOPAL-S1,19.4,84.1,997.7
2025-06-01 04:25:00,JAIPUR-S2,25.7,41.0,1009.7
2025-06-01 04:25:00,PATNA-S3,23.4,80.1,1001.7
2025-06-01 04:30:00,BHOPAL-S1,19.4,84.1,997.7
2025-06-01 04:30:00,JAIPUR-S2,25.7,41.0,1009.7
2025-06-01 04:30:00,PATNA-S3,23.4,80.1,1001.8
2025-06-01 04:35:00,BHOPAL-S1,19.5,84.0,997.7
2025-06-01 04:35:00,JAIPUR-S2,25.8,40.9,1009.7
2025-06-01 04:35:00,PATNA-S3,23.5,80.0,1001.8
2025-06-01 04:40:00,BHOPAL-S1,19.5,84.0,997.7
2025-06-01 04:40:00,JAIPUR-S2,25.9,40.9,1009.7
2025-06-01 04:40:00,PATNA-S3,23.5,80.0,1001.8
2025-06-01 04:45:00,BHOPAL-S1,19.6,83.9,997.7
2025-06-01 04:45:00,JAIPUR-S2,25.9,40.8,1009.7
2025-06-01 04:45:00,PATNA-S3,23.6,79.9,1001.8
2025-06-01 04:50:00,BHOPAL-S1,19.6,83.9,997.7
2025-06-01 04:50:00,JAIPUR-S2,26.0,40.8,1009.7
2025-06-01 04:50:00,PATNA-S3,23.6,79.9,1001.8
2025-06-01 04:55:00,BHOPAL-S1,19.7,83.9,997.7
2025-06-01 04:55:00,JAIPUR-S2,26.1,40.7,1009.7
2025-06-01 04:55:00,PATNA-S3,23.7,79.9,1001.8
2025-06-01 05:00:00,BHOPAL-S1,19.7,83.8,997.7
2025-06-01 05:00:00,JAIPUR-S2,26.2,40.7,1009.7
2025-06-01 05:00:00,PATNA-S3,23.7,130.0,1001.8
2025-06-01 05:05:00,BHOPAL-S1,19.8,83.8,997.7
2025-06-01 05:05:00,JAIPUR-S2,26.2,40.6,1009.7
2025-06-01 05:05:00,PATNA-S3,23.8,130.0,1001.8
2025-06-01 05:10:00,BHOPAL-S1,19.8,83.7,997.7
2025-06-01 05:10:00,JAIPUR-S2,26.3,40.6,1009.7
2025-06-01 05:10:00,PATNA-S3,23.8,79.7,1001.8
2025-06-01 05:15:00,BHOPAL-S1,19.9,83.7,997.7
2025-06-01 05:15:00,JAIPUR-S2,26.4,40.5,1009.7
2025-06-01 05:15:00,PATNA-S3,23.9,79.7,1001.8
2025-06-01 05:20:00,BHOPAL-S1,19.9,83.7,997.7
2025-06-01 05:20:00,JAIPUR-S2,26.4,40.5,1009.7
2025-06-01 05:20:00,PATNA-S3,23.9,79.7,1001.8
2025-06-01 05:25:00,BHOPAL-S1,20.0,83.6,997.7
2025-06-01 05:25:00,JAIPUR-S2,26.5,40.4,1009.7
2025-06-01 05:25:00,PATNA-S3,24.0,79.6,1001.8
2025-06-01 05:30:00,BHOPAL-S1,20.0,83.6,997.7
2025-06-01 05:30:00,JAIPUR-S2,26.6,40.4,1009.7
2025-06-01 05:30:00,PATNA-S3,24.0,79.6,1001.8
2025-06-01 05:35:00,BHOPAL-S1,20.0,83.6,997.7
2025-06-01 05:35:00,JAIPUR-S2,26.6,40.3,1009.7
2025-06-01 05:35:00,PATNA-S3,24.0,79.6,1001.8
2025-06-01 05:40:00,BHOPAL-S1,20.1,83.5,997.7
2025-06-01 05:40:00,JAIPUR-S2,26.7,40.3,1009.7
2025-06-01 05:40:00,PATNA-S3,24.1,79.5,1001.8
2025-06-01 05:45:00,BHOPAL-S1,20.1,83.5,997.7
2025-06-01 05:45:00,JAIPUR-S2,26.8,40.3,1009.7
2025-06-01 05:45:00,PATNA-S3,24.1,79.5,1001.8
2025-06-01 05:50:00,BHOPAL-S1,20.2,83.5,997.8
2025-06-01 05:50:00,JAIPUR-S2,26.8,40.2,1009.7
2025-06-01 05:50:00,PATNA-S3,24.2,79.5,1001.8
2025-06-01 05:55:00,BHOPAL-S1,20.2,83.4,997.8
2025-06-01 05:55:00,JAIPUR-S2,26.9,40.2,1009.7
2025-06-01 05:55:00,PATNA-S3,24.2,79.4,1001.8
2025-06-01 06:00:00,BHOPAL-S1,20.3,83.4,997.8
2025-06-01 06:00:00,JAIPUR-S2,27.0,40.1,1009.8
2025-06-01 06:00:00,PATNA-S3,24.3,79.4,1001.8
2025-06-01 06:05:00,BHOPAL-S1,20.3,83.4,997.8
2025-06-01 06:05:00,JAIPUR-S2,27.0,40.1,1009.8
2025-06-01 06:05:00,PATNA-S3,24.3,79.4,1001.8
2025-06-01 06:10:00,BHOPAL-S1,20.3,83.3,997.8
2025-06-01 06:10:00,JAIPUR-S2,27.1,40.0,1009.8
2025-06-01 06:10:00,PATNA-S3,24.3,79.3,1001.8
2025-06-01 06:15:00,BHOPAL-S1,20.4,83.3,997.8
2025-06-01 06:15:00,JAIPUR-S2,27.2,40.0,1009.8
2025-06-01 06:15:00,PATNA-S3,24.4,79.3,1001.8
2025-06-01 06:20:00,BHOPAL-S1,20.4,83.3,997.8
2025-06-01 06:20:00,JAIPUR-S2,27.2,39.9,1009.8
2025-06-01 06:20:00,PATNA-S3,24.4,79.3,1001.8
2025-06-01 06:25:00,BHOPAL-S1,20.5,83.2,997.8
2025-06-01 06:25:00,JAIPUR-S2,27.3,39.9,1009.8
2025-06-01 06:25:00,PATNA-S3,24.5,79.2,1001.8
2025-06-01 06:30:00,BHOPAL-S1,20.5,83.2,997.8
2025-06-01 06:30:00,JAIPUR-S2,27.3,39.9,1009.8
2025-06-01 06:30:00,PATNA-S3,24.5,79.2,1001.8
2025-06-01 06:35:00,BHOPAL-S1,20.5,83.2,997.8
2025-06-01 06:35:00,JAIPUR-S2,27.4,39.8,1009.8
2025-06-01 06:35:00,PATNA-S3,24.5,79.2,1001.8
2025-06-01 06:40:00,BHOPAL-S1,20.6,83.1,997.8
2025-06-01 06:40:00,JAIPUR-S2,27.5,39.8,
2025-06-01 06:40:00,PATNA-S3,24.6,79.1,1001.8
2025-06-01 06:45:00,BHOPAL-S1,20.6,83.1,997.8
2025-06-01 06:45:00,JAIPUR-S2,27.5,39.7,1009.8
2025-06-01 06:45:00,PATNA-S3,24.6,79.1,1001.8
2025-06-01 06:50:00,BHOPAL-S1,20.6,83.1,997.8
2025-06-01 06:50:00,JAIPUR-S2,27.6,39.7,1009.8
2025-06-01 06:50:00,PATNA-S3,24.6,79.1,1001.8
2025-06-01 06:55:00,BHOPAL-S1,20.7,83.1,997.8
2025-06-01 06:55:00,JAIPUR-S2,27.6,39.7,1009.8
2025-06-01 06:55:00,PATNA-S3,24.7,79.1,1001.8
2025-06-01 07:00:00,BHOPAL-S1,20.7,83.0,997.8
2025-06-01 07:00:00,JAIPUR-S2,27.7,39.6,1009.8
2025-06-01 07:00:00,PATNA-S3,24.7,79.0,1001.8
2025-06-01 07:05:00,BHOPAL-S1,20.8,83.0,997.8
2025-06-01 07:05:00,JAIPUR-S2,27.7,39.6,1009.8
2025-06-01 07:05:00,PATNA-S3,24.8,79.0,1001.8
2025-06-01 07:10:00,BHOPAL-S1,20.8,83.0,997.8
2025-06-01 07:10:00,JAIPUR-S2,27.8,39.5,1009.8
2025-06-01 07:10:00,PATNA-S3,24.8,79.0,1001.8
2025-06-01 07:15:00,BHOPAL-S1,20.8,82.9,997.8
2025-06-01 07:15:00,JAIPUR-S2,27.8,39.5,1009.8
2025-06-01 07:15:00,PATNA-S3,24.8,78.9,1001.8
2025-06-01 07:20:00,BHOPAL-S1,20.9,82.9,997.8
2025-06-01 07:20:00,JAIPUR-S2,27.9,39.5,1009.8
2025-06-01 07:20:00,PATNA-S3,24.9,78.9,1001.8
2025-06-01 07:25:00,BHOPAL-S1,20.9,82.9,997.8
2025-06-01 07:25:00,JAIPUR-S2,27.9,39.4,1009.8
2025-06-01 07:25:00,PATNA-S3,24.9,78.9,1001.8
2025-06-01 07:30:00,BHOPAL-S1,20.9,82.9,997.9
2025-06-01 07:30:00,JAIPUR-S2,28.0,39.4,1009.8
2025-06-01 07:30:00,PATNA-S3,24.9,78.9,1001.9
2025-06-01 07:35:00,BHOPAL-S1,21.0,82.8,997.9
2025-06-01 07:35:00,JAIPUR-S2,28.1,39.4,1009.8
2025-06-01 07:35:00,PATNA-S3,25.0,78.8,1001.9
2025-06-01 07:40:00,BHOPAL-S1,21.0,82.8,997.9
2025-06-01 07:40:00,JAIPUR-S2,28.1,39.3,1009.8
2025-06-01 07:40:00,PATNA-S3,25.0,78.8,1001.9
2025-06-01 07:45:00,BHOPAL-S1,21.0,82.8,997.9
2025-06-01 07:45:00,JAIPUR-S2,28.2,39.3,1009.8
2025-06-01 07:45:00,PATNA-S3,25.0,78.8,1001.9
2025-06-01 07:50:00,BHOPAL-S1,21.1,82.8,997.9
2025-06-01 07:50:00,JAIPUR-S2,28.2,39.3,1009.8
2025-06-01 07:50:00,PATNA-S3,25.1,78.8,1001.9
2025-06-01 07:55:00,BHOPAL-S1,21.1,82.7,997.9
2025-06-01 07:55:00,JAIPUR-S2,28.2,39.2,1009.8
2025-06-01 07:55:00,PATNA-S3,25.1,78.7,1001.9
2025-06-01 08:00:00,BHOPAL-S1,21.1,82.7,997.9
2025-06-01 08:00:00,JAIPUR-S2,28.3,39.2,1009.8
2025-06-01 08:00:00,PATNA-S3,25.1,78.7,1001.9
2025-06-01 08:05:00,BHOPAL-S1,21.1,82.7,997.9
2025-06-01 08:05:00,JAIPUR-S2,28.3,39.2,1009.8
2025-06-01 08:05:00,PATNA-S3,25.1,78.7,1001.9
2025-06-01 08:10:00,BHOPAL-S1,21.2,82.7,997.9
2025-06-01 08:10:00,JAIPUR-S2,28.4,39.1,1009.8
2025-06-01 08:10:00,PATNA-S3,25.2,78.7,1001.9
2025-06-01 08:15:00,BHOPAL-S1,21.2,82.6,997.9
2025-06-01 08:15:00,JAIPUR-S2,28.4,39.1,1009.8
2025-06-01 08:15:00,PATNA-S3,25.2,78.6,1001.9
2025-06-01 08:20:00,JAIPUR-S2,28.5,39.1,1009.8
2025-06-01 08:20:00,PATNA-S3,25.2,78.6,1001.9
2025-06-01 08:25:00,BHOPAL-S1,21.3,82.6,997.9
2025-06-01 08:25:00,JAIPUR-S2,28.5,39.0,1009.9
2025-06-01 08:25:00,PATNA-S3,25.3,78.6,1001.9
2025-06-01 08:30:00,BHOPAL-S1,21.3,82.6,997.9
2025-06-01 08:30:00,JAIPUR-S2,28.6,39.0,1009.9
2025-06-01 08:30:00,PATNA-S3,25.3,78.6,1001.9
2025-06-01 08:35:00,BHOPAL-S1,21.3,82.6,997.9
2025-06-01 08:35:00,JAIPUR-S2,28.6,39.0,1009.9
2025-06-01 08:35:00,PATNA-S3,25.3,78.6,1001.9
2025-06-01 08:40:00,BHOPAL-S1,21.3,82.5,997.9
2025-06-01 08:40:00,JAIPUR-S2,28.7,38.9,1009.9
2025-06-01 08:40:00,PATNA-S3,25.3,78.5,1001.9
2025-06-01 08:45:00,BHOPAL-S1,21.4,82.5,997.9
2025-06-01 08:45:00,JAIPUR-S2,28.7,38.9,1009.9
2025-06-01 08:45:00,PATNA-S3,25.4,78.5,1001.9
2025-06-01 08:50:00,BHOPAL-S1,21.4,82.5,997.9
2025-06-01 08:50:00,JAIPUR-S2,28.7,38.9,1009.9
2025-06-01 08:50:00,PATNA-S3,25.4,78.5,1001.9
2025-06-01 08:55:00,BHOPAL-S1,21.4,82.5,997.9
2025-06-01 08:55:00,JAIPUR-S2,28.8,38.9,1009.9
2025-06-01 08:55:00,PATNA-S3,25.4,78.5,1001.9
2025-06-01 09:00:00,BHOPAL-S1,21.4,82.5,997.9
2025-06-01 09:00:00,JAIPUR-S2,28.8,38.8,1009.9
2025-06-01 09:00:00,PATNA-S3,25.4,78.5,1001.9
2025-06-01 09:05:00,BHOPAL-S1,21.5,82.4,997.9
2025-06-01 09:05:00,JAIPUR-S2,28.9,38.8,1009.9
2025-06-01 09:05:00,PATNA-S3,25.5,78.4,1001.9
2025-06-01 09:10:00,BHOPAL-S1,21.5,82.4,998.0
2025-06-01 09:10:00,JAIPUR-S2,28.9,38.8,1009.9
2025-06-01 09:10:00,PATNA-S3,25.5,78.4,1001.9
2025-06-01 09:15:00,BHOPAL-S1,21.5,82.4,998.0
2025-06-01 09:15:00,JAIPUR-S2,28.9,38.7,1009.9
2025-06-01 09:15:00,PATNA-S3,25.5,78.4,1001.9
2025-06-01 09:20:00,BHOPAL-S1,21.5,82.4,998.0
2025-06-01 09:20:00,JAIPUR-S2,29.0,38.7,1009.9
2025-06-01 09:20:00,PATNA-S3,25.5,78.4,1001.9
2025-06-01 09:25:00,BHOPAL-S1,21.5,82.4,998.0
2025-06-01 09:25:00,JAIPUR-S2,29.0,38.7,1009.9
2025-06-01 09:25:00,PATNA-S3,25.5,78.4,1001.9
2025-06-01 09:30:00,BHOPAL-S1,21.6,82.3,998.0
2025-06-01 09:30:00,JAIPUR-S2,29.0,38.7,1009.9
2025-06-01 09:30:00,PATNA-S3,25.6,78.3,1001.9
2025-06-01 09:35:00,BHOPAL-S1,21.6,82.3,998.0
2025-06-01 09:35:00,JAIPUR-S2,29.1,38.6,1009.9
2025-06-01 09:35:00,PATNA-S3,25.6,78.3,1001.9
2025-06-01 09:40:00,BHOPAL-S1,21.6,82.3,998.0
2025-06-01 09:40:00,JAIPUR-S2,29.1,38.6,1009.9
2025-06-01 09:40:00,PATNA-S3,25.6,78.3,1001.9
2025-06-01 09:45:00,BHOPAL-S1,21.6,82.3,998.0
2025-06-01 09:45:00,JAIPUR-S2,29.1,38.6,1009.9
2025-06-01 09:45:00,PATNA-S3,25.6,78.3,1001.9
2025-06-01 09:50:00,BHOPAL-S1,21.6,82.3,998.0
2025-06-01 09:50:00,JAIPUR-S2,29.2,38.6,1009.9
2025-06-01 09:50:00,PATNA-S3,25.6,78.3,1001.9
2025-06-01 09:55:00,BHOPAL-S1,21.7,82.3,998.0
2025-06-01 09:55:00,JAIPUR-S2,29.2,38.6,1009.9
2025-06-01 09:55:00,PATNA-S3,25.7,78.3,1001.9
2025-06-01 10:00:00,BHOPAL-S1,21.7,82.3,998.0
2025-06-01 10:00:00,JAIPUR-S2,29.2,38.5,1009.9
2025-06-01 10:00:00,PATNA-S3,25.7,78.3,1001.9
2025-06-01 10:05:00,BHOPAL-S1,21.7,82.2,998.0
2025-06-01 10:05:00,JAIPUR-S2,29.3,38.5,1009.9
2025-06-01 10:05:00,PATNA-S3,25.7,78.2,1001.9
2025-06-01 10:10:00,BHOPAL-S1,21.7,82.2,998.0
2025-06-01 10:10:00,JAIPUR-S2,29.3,38.5,1009.9
2025-06-01 10:10:00,PATNA-S3,25.7,78.2,1001.9
2025-06-01 10:15:00,BHOPAL-S1,21.7,82.2,998.0
2025-06-01 10:15:00,JAIPUR-S2,29.3,38.5,1009.9
2025-06-01 10:15:00,PATNA-S3,25.7,78.2,1001.9
2025-06-01 10:20:00,BHOPAL-S1,21.7,82.2,998.0
2025-06-01 10:20:00,JAIPUR-S2,29.4,38.4,1009.9
2025-06-01 10:20:00,PATNA-S3,25.7,78.2,1001.9
2025-06-01 10:25:00,BHOPAL-S1,21.8,82.2,998.0
2025-06-01 10:25:00,JAIPUR-S2,29.4,38.4,1009.9
2025-06-01 10:25:00,PATNA-S3,25.8,78.2,1001.9
2025-06-01 10:30:00,BHOPAL-S1,21.8,82.2,998.0
2025-06-01 10:30:00,JAIPUR-S2,29.4,38.4,1009.9
2025-06-01 10:30:00,PATNA-S3,25.8,78.2,1002.0
2025-06-01 10:35:00,BHOPAL-S1,21.8,82.2,998.0
2025-06-01 10:35:00,JAIPUR-S2,29.4,38.4,1009.9
2025-06-01 10:35:00,PATNA-S3,25.8,78.2,1002.0
2025-06-01 10:40:00,BHOPAL-S1,21.8,82.2,998.0
2025-06-01 10:40:00,JAIPUR-S2,29.5,38.4,1009.9
2025-06-01 10:40:00,PATNA-S3,25.8,78.2,1002.0
2025-06-01 10:45:00,BHOPAL-S1,21.8,82.1,998.0
2025-06-01 10:45:00,JAIPUR-S2,29.5,38.4,1009.9
2025-06-01 10:45:00,PATNA-S3,25.8,78.1,1002.0
2025-06-01 10:50:00,BHOPAL-S1,21.8,82.1,998.0
2025-06-01 10:50:00,JAIPUR-S2,29.5,38.3,1010.0
2025-06-01 10:50:00,PATNA-S3,25.8,78.1,1002.0
2025-06-01 10:55:00,BHOPAL-S1,21.8,82.1,998.1
2025-06-01 10:55:00,JAIPUR-S2,29.5,38.3,1010.0
2025-06-01 10:55:00,PATNA-S3,25.8,78.1,1002.0
2025-06-01 11:00:00,BHOPAL-S1,21.9,82.1,998.1
2025-06-01 11:00:00,JAIPUR-S2,29.6,38.3,1010.0
2025-06-01 11:00:00,PATNA-S3,25.9,78.1,1002.0
2025-06-01 11:05:00,BHOPAL-S1,21.9,82.1,998.1
2025-06-01 11:05:00,JAIPUR-S2,29.6,38.3,1010.0
2025-06-01 11:05:00,PATNA-S3,25.9,78.1,1002.0
2025-06-01 11:10:00,BHOPAL-S1,21.9,82.1,998.1
2025-06-01 11:10:00,JAIPUR-S2,29.6,38.3,1010.0
2025-06-01 11:10:00,PATNA-S3,25.9,78.1,1002.0
2025-06-01 11:15:00,BHOPAL-S1,21.9,82.1,998.1
2025-06-01 11:15:00,JAIPUR-S2,29.6,38.3,1010.0
2025-06-01 11:15:00,PATNA-S3,25.9,78.1,1002.0
2025-06-01 11:20:00,BHOPAL-S1,21.9,82.1,998.1
2025-06-01 11:20:00,JAIPUR-S2,29.7,38.2,1010.0
2025-06-01 11:20:00,PATNA-S3,25.9,78.1,1002.0
2025-06-01 11:25:00,BHOPAL-S1,21.9,82.1,998.1
2025-06-01 11:25:00,JAIPUR-S2,29.7,38.2,1010.0
2025-06-01 11:25:00,PATNA-S3,25.9,78.1,1002.0
2025-06-01 11:30:00,BHOPAL-S1,21.9,82.1,998.1
2025-06-01 11:30:00,JAIPUR-S2,29.7,38.2,1010.0
2025-06-01 11:30:00,PATNA-S3,25.9,78.1,1002.0
2025-06-01 11:35:00,BHOPAL-S1,21.9,82.1,998.1
2025-06-01 11:35:00,JAIPUR-S2,29.7,38.2,1010.0
2025-06-01 11:35:00,PATNA-S3,25.9,78.1,1002.0
2025-06-01 11:40:00,BHOPAL-S1,21.9,82.1,998.1
2025-06-01 11:40:00,JAIPUR-S2,29.7,38.2,1010.0
2025-06-01 11:40:00,PATNA-S3,25.9,78.1,1002.0
2025-06-01 11:45:00,BHOPAL-S1,21.9,82.0,998.1
2025-06-01 11:45:00,JAIPUR-S2,29.8,38.2,1010.0
2025-06-01 11:45:00,PATNA-S3,25.9,78.0,1002.0
2025-06-01 11:50:00,BHOPAL-S1,22.0,82.0,998.1
2025-06-01 11:50:00,JAIPUR-S2,29.8,38.2,1010.0
2025-06-01 11:50:00,PATNA-S3,26.0,78.0,1002.0
2025-06-01 11:55:00,BHOPAL-S1,22.0,82.0,998.1
2025-06-01 11:55:00,JAIPUR-S2,29.8,38.1,1010.0
2025-06-01 11:55:00,PATNA-S3,26.0,78.0,1002.0
2025-06-01 12:00:00,BHOPAL-S1,22.0,82.0,998.1
2025-06-01 12:00:00,JAIPUR-S2,29.8,38.1,1010.0
2025-06-01 12:00:00,PATNA-S3,26.0,78.0,1002.0
2025-06-01 12:05:00,BHOPAL-S1,36.9,82.0,998.1
2025-06-01 12:05:00,JAIPUR-S2,29.8,38.1,1010.0
2025-06-01 12:05:00,PATNA-S3,26.0,78.0,1002.0
2025-06-01 12:10:00,BHOPAL-S1,36.9,82.0,998.1
2025-06-01 12:10:00,JAIPUR-S2,29.8,38.1,1010.0
2025-06-01 12:10:00,PATNA-S3,26.0,78.0,1002.0
2025-06-01 12:15:00,BHOPAL-S1,36.5,82.0,998.1
2025-06-01 12:15:00,JAIPUR-S2,29.9,38.1,1010.0
2025-06-01 12:15:00,PATNA-S3,26.0,78.0,1002.0
2025-06-01 12:20:00,BHOPAL-S1,22.0,82.0,998.1
2025-06-01 12:20:00,JAIPUR-S2,29.9,38.1,1010.0
2025-06-01 12:20:00,PATNA-S3,26.0,78.0,1002.0
2025-06-01 12:25:00,BHOPAL-S1,22.0,82.0,998.1
2025-06-01 12:25:00,JAIPUR-S2,29.9,38.1,1010.0
2025-06-01 12:25:00,PATNA-S3,26.0,78.0,1002.0
2025-06-01 12:30:00,BHOPAL-S1,abc,82.0,998.1
2025-06-01 12:30:00,JAIPUR-S2,29.9,38.1,992.0
2025-06-01 12:30:00,PATNA-S3,26.0,78.0,1002.0
2025-06-01 12:35:00,BHOPAL-S1,22.0,82.0,998.2
2025-06-01 12:35:00,JAIPUR-S2,29.9,38.1,992.0
2025-06-01 12:35:00,PATNA-S3,26.0,78.0,1002.0
2025-06-01 12:40:00,BHOPAL-S1,22.0,82.0,998.2
2025-06-01 12:40:00,JAIPUR-S2,29.9,38.1,992.0
2025-06-01 12:40:00,PATNA-S3,26.0,78.0,1002.0
2025-06-01 12:45:00,BHOPAL-S1,22.0,82.0,998.2
2025-06-01 12:45:00,JAIPUR-S2,29.9,38.1,992.0
2025-06-01 12:45:00,PATNA-S3,26.0,78.0,1002.0
2025-06-01 12:50:00,BHOPAL-S1,22.0,82.0,998.2
2025-06-01 12:50:00,JAIPUR-S2,29.9,38.0,992.0
2025-06-01 12:50:00,PATNA-S3,26.0,78.0,1002.0
2025-06-01 12:55:00,BHOPAL-S1,22.0,82.0,998.2
2025-06-01 12:55:00,JAIPUR-S2,29.9,38.0,992.0
2025-06-01 12:55:00,PATNA-S3,26.0,78.0,1002.0
2025-06-01 13:00:00,BHOPAL-S1,22.0,82.0,998.2
2025-06-01 13:00:00,JAIPUR-S2,30.0,38.0,1010.0
2025-06-01 13:00:00,PATNA-S3,26.0,78.0,1002.0
2025-06-01 13:05:00,BHOPAL-S1,22.0,82.0,998.2
2025-06-01 13:05:00,JAIPUR-S2,30.0,38.0,1010.0
2025-06-01 13:05:00,PATNA-S3,26.0,78.0,1002.0
2025-06-01 13:10:00,BHOPAL-S1,22.0,82.0,998.2
2025-06-01 13:10:00,JAIPUR-S2,30.0,38.0,1010.0
2025-06-01 13:10:00,PATNA-S3,26.0,78.0,1002.0
2025-06-01 13:15:00,BHOPAL-S1,22.0,82.0,998.2
2025-06-01 13:15:00,JAIPUR-S2,30.0,38.0,1010.1
2025-06-01 13:15:00,PATNA-S3,26.0,78.0,1002.0
2025-06-01 13:20:00,BHOPAL-S1,22.0,82.0,998.2
2025-06-01 13:20:00,JAIPUR-S2,30.0,38.0,1010.1
2025-06-01 13:20:00,PATNA-S3,26.0,78.0,1002.0
2025-06-01 13:25:00,BHOPAL-S1,22.0,82.0,998.2
2025-06-01 13:25:00,JAIPUR-S2,30.0,38.0,1010.1
2025-06-01 13:25:00,PATNA-S3,26.0,78.0,1002.0
2025-06-01 13:30:00,BHOPAL-S1,22.0,82.0,998.2
2025-06-01 13:30:00,JAIPUR-S2,30.0,38.0,1010.1
2025-06-01 13:30:00,PATNA-S3,26.0,78.0,1002.0
2025-06-01 13:35:00,BHOPAL-S1,22.0,82.0,998.2
2025-06-01 13:35:00,JAIPUR-S2,30.0,38.0,1010.1
2025-06-01 13:35:00,PATNA-S3,26.0,78.0,1002.1
2025-06-01 13:40:00,BHOPAL-S1,22.0,82.0,998.2
2025-06-01 13:40:00,JAIPUR-S2,30.0,38.0,1010.1
2025-06-01 13:40:00,PATNA-S3,26.0,78.0,1002.1
2025-06-01 13:45:00,BHOPAL-S1,22.0,82.0,998.2
2025-06-01 13:45:00,JAIPUR-S2,30.0,38.0,1010.1
2025-06-01 13:45:00,PATNA-S3,26.0,78.0,1002.1
2025-06-01 13:50:00,BHOPAL-S1,22.0,82.0,998.2
2025-06-01 13:50:00,JAIPUR-S2,30.0,38.0,1010.1
2025-06-01 13:50:00,PATNA-S3,26.0,78.0,1002.1
2025-06-01 13:55:00,BHOPAL-S1,22.0,82.0,998.2
2025-06-01 13:55:00,JAIPUR-S2,30.0,38.0,1010.1
2025-06-01 13:55:00,PATNA-S3,26.0,78.0,1002.1
2025-06-01 14:00:00,BHOPAL-S1,22.0,82.0,998.2
2025-06-01 14:00:00,JAIPUR-S2,30.0,38.0,1010.1
2025-06-01 14:00:00,PATNA-S3,26.0,78.0,1002.1
2025-06-01 14:05:00,BHOPAL-S1,22.0,82.0,998.2
2025-06-01 14:05:00,JAIPUR-S2,30.0,38.0,1010.1
2025-06-01 14:05:00,PATNA-S3,26.0,78.0,1002.1
2025-06-01 14:10:00,BHOPAL-S1,22.0,82.0,998.2
2025-06-01 14:10:00,JAIPUR-S2,30.0,38.0,1010.1
2025-06-01 14:10:00,PATNA-S3,26.0,78.0,1002.1
2025-06-01 14:15:00,BHOPAL-S1,21.9,82.0,998.3
2025-06-01 14:15:00,JAIPUR-S2,30.0,38.0,1010.1
2025-06-01 14:15:00,PATNA-S3,25.9,78.0,1002.1
2025-06-01 14:20:00,BHOPAL-S1,21.9,82.1,998.3
2025-06-01 14:20:00,JAIPUR-S2,30.0,38.0,1010.1
2025-06-01 14:20:00,PATNA-S3,25.9,78.1,1002.1
2025-06-01 14:25:00,BHOPAL-S1,21.9,82.1,998.3
2025-06-01 14:25:00,JAIPUR-S2,30.0,38.0,1010.1
2025-06-01 14:25:00,PATNA-S3,25.9,78.1,1002.1
2025-06-01 14:30:00,BHOPAL-S1,21.9,82.1,998.3
2025-06-01 14:30:00,JAIPUR-S2,30.0,38.0,1010.1
2025-06-01 14:30:00,PATNA-S3,25.9,78.1,1002.1
2025-06-01 14:35:00,BHOPAL-S1,21.9,82.1,998.3
2025-06-01 14:35:00,JAIPUR-S2,30.0,38.0,1010.1
2025-06-01 14:35:00,PATNA-S3,25.9,78.1,1002.1
2025-06-01 14:40:00,BHOPAL-S1,21.9,82.1,998.3
2025-06-01 14:40:00,JAIPUR-S2,30.0,38.0,1010.1
2025-06-01 14:40:00,PATNA-S3,25.9,78.1,1002.1
2025-06-01 14:45:00,BHOPAL-S1,21.9,82.1,998.3
2025-06-01 14:45:00,JAIPUR-S2,30.0,38.0,1010.1
2025-06-01 14:45:00,PATNA-S3,25.9,78.1,1002.1
2025-06-01 14:50:00,BHOPAL-S1,21.9,82.1,998.3
2025-06-01 14:50:00,JAIPUR-S2,30.0,38.0,1010.1
2025-06-01 14:50:00,PATNA-S3,25.9,78.1,1002.1
2025-06-01 14:55:00,BHOPAL-S1,21.9,82.1,998.3
2025-06-01 14:55:00,JAIPUR-S2,30.0,38.0,1010.1
2025-06-01 14:55:00,PATNA-S3,25.9,78.1,1002.1
2025-06-01 15:00:00,BHOPAL-S1,21.9,82.1,998.3
2025-06-01 15:00:00,JAIPUR-S2,30.0,38.0,1010.1
2025-06-01 15:00:00,PATNA-S3,25.9,78.1,1002.1
2025-06-01 15:05:00,BHOPAL-S1,21.8,82.1,998.3
2025-06-01 15:05:00,JAIPUR-S2,29.9,38.0,1010.1
2025-06-01 15:05:00,PATNA-S3,25.8,78.1,1002.1
2025-06-01 15:10:00,BHOPAL-S1,21.8,82.1,998.3
2025-06-01 15:10:00,JAIPUR-S2,29.9,38.0,1010.1
2025-06-01 15:10:00,PATNA-S3,25.8,78.1,1002.1
2025-06-01 15:15:00,BHOPAL-S1,21.8,82.1,998.3
2025-06-01 15:15:00,JAIPUR-S2,29.9,38.1,1010.1
2025-06-01 15:15:00,PATNA-S3,25.8,78.1,1002.1
2025-06-01 15:20:00,BHOPAL-S1,21.8,82.2,998.3
2025-06-01 15:20:00,JAIPUR-S2,29.9,38.1,1010.1
2025-06-01 15:20:00,PATNA-S3,25.8,78.2,1002.1
2025-06-01 15:25:00,BHOPAL-S1,21.8,82.2,998.3
2025-06-01 15:25:00,JAIPUR-S2,29.9,38.1,1010.1
2025-06-01 15:25:00,PATNA-S3,25.8,78.2,1002.1
2025-06-01 15:30:00,BHOPAL-S1,21.8,82.2,998.3
2025-06-01 15:30:00,JAIPUR-S2,29.9,38.1,1010.1
2025-06-01 15:30:00,PATNA-S3,25.8,78.2,1002.1
2025-06-01 15:35:00,BHOPAL-S1,21.8,82.2,998.3
2025-06-01 15:35:00,JAIPUR-S2,29.9,38.1,1010.1
2025-06-01 15:35:00,PATNA-S3,25.8,78.2,1002.1
2025-06-01 15:40:00,BHOPAL-S1,21.7,82.2,998.3
2025-06-01 15:40:00,JAIPUR-S2,29.9,38.1,1010.2
2025-06-01 15:40:00,PATNA-S3,25.7,78.2,1002.1
2025-06-01 15:45:00,BHOPAL-S1,21.7,82.2,998.3
2025-06-01 15:45:00,JAIPUR-S2,29.9,38.1,1010.2
2025-06-01 15:45:00,PATNA-S3,25.7,78.2,1002.1
2025-06-01 15:50:00,BHOPAL-S1,21.7,82.2,998.4
2025-06-01 15:50:00,JAIPUR-S2,29.8,38.1,1010.2
2025-06-01 15:50:00,PATNA-S3,25.7,78.2,1002.1
2025-06-01 15:55:00,BHOPAL-S1,21.7,82.2,998.4
2025-06-01 15:55:00,JAIPUR-S2,29.8,38.1,1010.2
2025-06-01 15:55:00,PATNA-S3,25.7,78.2,1002.1
2025-06-01 16:00:00,BHOPAL-S1,21.7,82.3,998.4
2025-06-01 16:00:00,JAIPUR-S2,29.8,38.1,1010.2
2025-06-01 16:00:00,PATNA-S3,25.7,78.3,1002.1
2025-06-01 16:05:00,BHOPAL-S1,21.7,82.3,998.4
2025-06-01 16:05:00,JAIPUR-S2,29.8,38.1,1010.2
2025-06-01 16:05:00,PATNA-S3,25.7,78.3,1002.1
2025-06-01 16:10:00,BHOPAL-S1,21.6,82.3,998.4
2025-06-01 16:10:00,JAIPUR-S2,29.8,38.2,1010.2
2025-06-01 16:10:00,PATNA-S3,25.6,78.3,1002.1
2025-06-01 16:15:00,BHOPAL-S1,21.6,82.3,998.4
2025-06-01 16:15:00,JAIPUR-S2,29.8,38.2,1010.2
2025-06-01 16:15:00,PATNA-S3,25.6,78.3,1002.1
2025-06-01 16:20:00,BHOPAL-S1,21.6,82.3,998.4
2025-06-01 16:20:00,JAIPUR-S2,29.7,38.2,1010.2
2025-06-01 16:20:00,PATNA-S3,25.6,78.3,1002.1
2025-06-01 16:25:00,BHOPAL-S1,21.6,82.3,998.4
2025-06-01 16:25:00,JAIPUR-S2,29.7,38.2,1010.2
2025-06-01 16:25:00,PATNA-S3,25.6,78.3,1002.1
2025-06-01 16:30:00,BHOPAL-S1,21.6,82.3,998.4
2025-06-01 16:30:00,JAIPUR-S2,29.7,38.2,1010.2
2025-06-01 16:30:00,PATNA-S3,25.6,78.3,1002.1
2025-06-01 16:35:00,BHOPAL-S1,21.5,82.4,998.4
2025-06-01 16:35:00,BHOPAL-S1,21.5,82.4,998.4
2025-06-01 16:35:00,JAIPUR-S2,29.7,38.2,1010.2
2025-06-01 16:35:00,PATNA-S3,25.5,78.4,1002.2
2025-06-01 16:40:00,JAIPUR-S2,29.7,38.2,1010.2
2025-06-01 16:40:00,PATNA-S3,25.5,78.4,1002.2
2025-06-01 16:45:00,BHOPAL-S1,21.5,82.4,998.4
2025-06-01 16:45:00,JAIPUR-S2,29.6,38.3,1010.2
2025-06-01 16:45:00,PATNA-S3,25.5,78.4,1002.2
2025-06-01 16:50:00,BHOPAL-S1,21.5,82.4,998.4
2025-06-01 16:50:00,JAIPUR-S2,29.6,38.3,1010.2
2025-06-01 16:50:00,PATNA-S3,25.5,78.4,1002.2
2025-06-01 16:55:00,BHOPAL-S1,21.5,82.4,998.4
2025-06-01 16:55:00,JAIPUR-S2,29.6,38.3,1010.2
2025-06-01 16:55:00,PATNA-S3,25.5,78.4,1002.2
2025-06-01 17:00:00,BHOPAL-S1,21.4,82.5,998.4
2025-06-01 17:00:00,JAIPUR-S2,29.6,38.3,1010.2
2025-06-01 17:00:00,PATNA-S3,25.4,78.5,1002.2
2025-06-01 17:05:00,BHOPAL-S1,21.4,82.5,998.4
2025-06-01 17:05:00,JAIPUR-S2,29.5,38.3,1010.2
2025-06-01 17:05:00,PATNA-S3,25.4,78.5,1002.2
2025-06-01 17:10:00,BHOPAL-S1,21.4,82.5,998.4
2025-06-01 17:10:00,JAIPUR-S2,29.5,38.3,1010.2
2025-06-01 17:10:00,PATNA-S3,25.4,78.5,1002.2
2025-06-01 17:15:00,BHOPAL-S1,21.4,82.5,998.4
2025-06-01 17:15:00,JAIPUR-S2,29.5,38.4,1010.2
2025-06-01 17:15:00,PATNA-S3,25.4,78.5,1002.2
2025-06-01 17:20:00,BHOPAL-S1,21.3,82.5,998.4
2025-06-01 17:20:00,JAIPUR-S2,29.5,38.4,1010.2
2025-06-01 17:20:00,PATNA-S3,25.3,78.5,1002.2
2025-06-01 17:25:00,BHOPAL-S1,21.3,82.6,998.4
2025-06-01 17:25:00,JAIPUR-S2,29.4,38.4,1010.2
2025-06-01 17:25:00,PATNA-S3,25.3,78.6,1002.2
2025-06-01 17:30:00,BHOPAL-S1,21.3,82.6,998.5
2025-06-01 17:30:00,JAIPUR-S2,29.4,38.4,1010.2
2025-06-01 17:30:00,PATNA-S3,25.3,78.6,1002.2
2025-06-01 17:35:00,BHOPAL-S1,21.3,82.6,998.5
2025-06-01 17:35:00,JAIPUR-S2,29.4,38.4,1010.2
2025-06-01 17:35:00,PATNA-S3,25.3,78.6,1002.2
2025-06-01 17:40:00,BHOPAL-S1,21.2,82.6,998.5
2025-06-01 17:40:00,JAIPUR-S2,29.4,38.4,1010.2
2025-06-01 17:40:00,PATNA-S3,25.2,78.6,1002.2
2025-06-01 17:45:00,BHOPAL-S1,21.2,82.6,998.5
2025-06-01 17:45:00,JAIPUR-S2,29.3,38.5,1010.2
2025-06-01 17:45:00,PATNA-S3,25.2,78.6,1002.2
2025-06-01 17:50:00,BHOPAL-S1,21.2,82.7,998.5
2025-06-01 17:50:00,JAIPUR-S2,29.3,38.5,1010.2
2025-06-01 17:50:00,PATNA-S3,25.2,78.7,1002.2
2025-06-01 17:55:00,BHOPAL-S1,21.1,82.7,998.5
2025-06-01 17:55:00,JAIPUR-S2,29.3,38.5,1010.2
2025-06-01 17:55:00,PATNA-S3,25.1,78.7,1002.2
2025-06-01 18:00:00,BHOPAL-S1,21.1,82.7,998.5
2025-06-01 18:00:00,JAIPUR-S2,29.2,38.5,1010.2
2025-06-01 18:00:00,PATNA-S3,25.1,78.7,1002.2
2025-06-01 18:05:00,BHOPAL-S1,21.1,82.7,998.5
2025-06-01 18:05:00,JAIPUR-S2,29.2,38.6,1010.3
2025-06-01 18:05:00,PATNA-S3,25.1,78.7,1002.2
2025-06-01 18:10:00,BHOPAL-S1,21.1,82.8,998.5
2025-06-01 18:10:00,JAIPUR-S2,29.2,38.6,1010.3
2025-06-01 18:10:00,PATNA-S3,25.1,78.8,1002.2
2025-06-01 18:15:00,BHOPAL-S1,21.0,82.8,998.5
2025-06-01 18:15:00,JAIPUR-S2,29.1,38.6,1010.3
2025-06-01 18:15:00,PATNA-S3,25.0,78.8,1002.2
2025-06-01 18:20:00,BHOPAL-S1,21.0,82.8,998.5
2025-06-01 18:20:00,JAIPUR-S2,29.1,38.6,1010.3
2025-06-01 18:20:00,PATNA-S3,25.0,78.8,1002.2
2025-06-01 18:25:00,BHOPAL-S1,21.0,82.8,998.5
2025-06-01 18:25:00,JAIPUR-S2,29.1,38.6,1010.3
2025-06-01 18:25:00,PATNA-S3,25.0,78.8,1002.2
2025-06-01 18:30:00,BHOPAL-S1,20.9,82.9,998.5
2025-06-01 18:30:00,JAIPUR-S2,29.0,38.7,1010.3
2025-06-01 18:30:00,PATNA-S3,24.9,78.9,1002.2
2025-06-01 18:35:00,BHOPAL-S1,20.9,82.9,998.5
2025-06-01 18:35:00,JAIPUR-S2,29.0,38.7,1010.3
2025-06-01 18:35:00,PATNA-S3,24.9,78.9,1002.2
2025-06-01 18:40:00,BHOPAL-S1,20.9,82.9,998.5
2025-06-01 18:40:00,JAIPUR-S2,29.0,38.7,1010.3
2025-06-01 18:40:00,PATNA-S3,24.9,78.9,1002.2
2025-06-01 18:45:00,BHOPAL-S1,20.8,82.9,998.5
2025-06-01 18:45:00,JAIPUR-S2,28.9,38.7,1010.3
2025-06-01 18:45:00,PATNA-S3,24.8,78.9,1002.2
2025-06-01 18:50:00,BHOPAL-S1,20.8,83.0,998.5
2025-06-01 18:50:00,JAIPUR-S2,28.9,38.8,1010.3
2025-06-01 18:50:00,PATNA-S3,24.8,79.0,1002.2
2025-06-01 18:55:00,BHOPAL-S1,20.8,83.0,998.5
2025-06-01 18:55:00,JAIPUR-S2,28.9,38.8,1010.3
2025-06-01 18:55:00,PATNA-S3,24.8,79.0,1002.2
2025-06-01 19:00:00,BHOPAL-S1,20.7,83.0,998.5
2025-06-01 19:00:00,JAIPUR-S2,28.8,38.8,1010.3
2025-06-01 19:00:00,PATNA-S3,24.7,79.0,1002.2
2025-06-01 19:05:00,BHOPAL-S1,20.7,83.1,998.5
2025-06-01 19:05:00,JAIPUR-S2,28.8,38.9,1010.3
2025-06-01 19:05:00,PATNA-S3,24.7,79.1,1002.2
2025-06-01 19:10:00,BHOPAL-S1,20.6,83.1,998.5
2025-06-01 19:10:00,JAIPUR-S2,28.7,38.9,1010.3
2025-06-01 19:10:00,PATNA-S3,24.6,79.1,1002.2
2025-06-01 19:15:00,BHOPAL-S1,20.6,83.1,998.6
2025-06-01 19:15:00,JAIPUR-S2,28.7,38.9,1010.3
2025-06-01 19:15:00,PATNA-S3,24.6,79.1,1002.2
2025-06-01 19:20:00,BHOPAL-S1,20.6,83.1,998.6
2025-06-01 19:20:00,JAIPUR-S2,28.7,38.9,1010.3
2025-06-01 19:20:00,PATNA-S3,24.6,79.1,1002.2
2025-06-01 19:25:00,BHOPAL-S1,20.5,83.2,998.6
2025-06-01 19:25:00,JAIPUR-S2,28.6,39.0,1010.3
2025-06-01 19:25:00,PATNA-S3,24.5,79.2,1002.2
2025-06-01 19:30:00,BHOPAL-S1,20.5,83.2,998.6
2025-06-01 19:30:00,JAIPUR-S2,28.6,39.0,1010.3
2025-06-01 19:30:00,PATNA-S3,24.5,79.2,1002.2
2025-06-01 19:35:00,BHOPAL-S1,20.5,83.2,998.6
2025-06-01 19:35:00,JAIPUR-S2,28.5,39.0,1010.3
2025-06-01 19:35:00,PATNA-S3,24.5,79.2,1002.3
2025-06-01 19:40:00,BHOPAL-S1,20.4,83.3,998.6
2025-06-01 19:40:00,JAIPUR-S2,28.5,39.1,1010.3
2025-06-01 19:40:00,PATNA-S3,24.4,79.3,1002.3
2025-06-01 19:45:00,BHOPAL-S1,20.4,83.3,998.6
2025-06-01 19:45:00,JAIPUR-S2,28.4,39.1,1010.3
2025-06-01 19:45:00,PATNA-S3,24.4,79.3,1002.3
2025-06-01 19:50:00,BHOPAL-S1,20.3,83.3,998.6
2025-06-01 19:50:00,JAIPUR-S2,28.4,39.1,1010.3
2025-06-01 19:50:00,PATNA-S3,24.3,79.3,1002.3
2025-06-01 19:55:00,BHOPAL-S1,20.3,83.4,998.6
2025-06-01 19:55:00,JAIPUR-S2,28.3,39.2,1010.3
2025-06-01 19:55:00,PATNA-S3,24.3,79.4,1002.3
2025-06-01 20:00:00,BHOPAL-S1,20.3,83.4,997.4
2025-06-01 20:00:00,JAIPUR-S2,28.3,39.2,1010.3
2025-06-01 20:00:00,PATNA-S3,20.0,79.4,1002.3
2025-06-01 20:05:00,BHOPAL-S1,20.2,83.4,997.4
2025-06-01 20:05:00,JAIPUR-S2,28.2,39.2,1010.3
2025-06-01 20:05:00,PATNA-S3,20.1,79.4,1002.3
2025-06-01 20:10:00,BHOPAL-S1,20.2,83.5,997.4
2025-06-01 20:10:00,JAIPUR-S2,28.2,39.3,1010.3
2025-06-01 20:10:00,PATNA-S3,20.1,79.5,1002.3
2025-06-01 20:15:00,BHOPAL-S1,20.1,83.5,997.4
2025-06-01 20:15:00,JAIPUR-S2,28.2,39.3,1010.3
2025-06-01 20:15:00,PATNA-S3,20.1,79.5,1002.3
2025-06-01 20:20:00,BHOPAL-S1,20.1,83.5,997.4
2025-06-01 20:20:00,JAIPUR-S2,28.1,39.3,1010.3
2025-06-01 20:20:00,PATNA-S3,20.2,79.5,1002.3
2025-06-01 20:25:00,BHOPAL-S1,20.0,83.6,997.4
2025-06-01 20:25:00,JAIPUR-S2,28.1,39.4,1010.4
2025-06-01 20:25:00,PATNA-S3,20.2,79.6,1002.3
2025-06-01 20:30:00,BHOPAL-S1,20.0,83.6,997.4
2025-06-01 20:30:00,JAIPUR-S2,28.0,39.4,1010.4
2025-06-01 20:30:00,PATNA-S3,20.3,79.6,1002.3
2025-06-01 20:35:00,BHOPAL-S1,20.0,83.6,997.4
2025-06-01 20:35:00,JAIPUR-S2,27.9,39.4,1010.4
2025-06-01 20:35:00,PATNA-S3,20.4,79.6,1002.3
2025-06-01 20:40:00,BHOPAL-S1,19.9,83.7,997.4
2025-06-01 20:40:00,JAIPUR-S2,27.9,39.5,1010.4
2025-06-01 20:40:00,PATNA-S3,20.4,79.7,1002.3
2025-06-01 20:45:00,BHOPAL-S1,19.9,83.7,997.4
2025-06-01 20:45:00,JAIPUR-S2,27.8,39.5,1010.4
2025-06-01 20:45:00,PATNA-S3,20.4,79.7,1002.3
2025-06-01 20:50:00,BHOPAL-S1,19.8,83.7,997.5
2025-06-01 20:50:00,JAIPUR-S2,27.8,39.5,1010.4
2025-06-01 20:50:00,PATNA-S3,20.5,79.7,1002.3
2025-06-01 20:55:00,BHOPAL-S1,19.8,83.8,997.5
2025-06-01 20:55:00,JAIPUR-S2,27.7,39.6,1010.4
2025-06-01 20:55:00,PATNA-S3,20.6,79.8,1002.3
2025-06-01 21:00:00,BHOPAL-S1,19.7,83.8,997.5
2025-06-01 21:00:00,JAIPUR-S2,27.7,39.6,1010.4
2025-06-01 21:00:00,PATNA-S3,20.6,79.8,1002.3
2025-06-01 21:05:00,BHOPAL-S1,19.7,83.9,997.5
2025-06-01 21:05:00,JAIPUR-S2,27.6,39.7,1010.4
2025-06-01 21:05:00,PATNA-S3,20.6,79.9,1002.3
2025-06-01 21:10:00,BHOPAL-S1,19.6,83.9,997.5
2025-06-01 21:10:00,JAIPUR-S2,27.6,39.7,1010.4
2025-06-01 21:10:00,PATNA-S3,20.7,79.9,1002.3
2025-06-01 21:15:00,BHOPAL-S1,19.6,83.9,997.5
2025-06-01 21:15:00,JAIPUR-S2,27.5,39.7,1010.4
2025-06-01 21:15:00,PATNA-S3,20.8,79.9,1002.3
2025-06-01 21:20:00,BHOPAL-S1,19.5,84.0,997.5
2025-06-01 21:20:00,JAIPUR-S2,27.5,39.8,1010.4
2025-06-01 21:20:00,PATNA-S3,20.8,80.0,1002.3
2025-06-01 21:25:00,BHOPAL-S1,19.5,84.0,997.5
2025-06-01 21:25:00,JAIPUR-S2,27.4,39.8,1010.4
2025-06-01 21:25:00,PATNA-S3,20.9,80.0,1002.3
2025-06-01 21:30:00,BHOPAL-S1,19.4,84.1,997.5
2025-06-01 21:30:00,JAIPUR-S2,27.3,39.9,1010.4
2025-06-01 21:30:00,PATNA-S3,20.9,80.1,1002.3
2025-06-01 21:35:00,BHOPAL-S1,19.4,84.1,997.5
2025-06-01 21:35:00,JAIPUR-S2,27.3,39.9,1010.4
2025-06-01 21:35:00,PATNA-S3,20.9,80.1,1002.3
2025-06-01 21:40:00,BHOPAL-S1,19.3,84.1,997.5
2025-06-01 21:40:00,JAIPUR-S2,27.2,39.9,1010.4
2025-06-01 21:40:00,PATNA-S3,21.0,80.1,1002.3
2025-06-01 21:45:00,BHOPAL-S1,19.3,84.2,997.5
2025-06-01 21:45:00,JAIPUR-S2,27.2,40.0,1010.4
2025-06-01 21:45:00,PATNA-S3,21.1,80.2,1002.3
2025-06-01 21:50:00,BHOPAL-S1,19.2,84.2,997.5
2025-06-01 21:50:00,JAIPUR-S2,27.1,40.0,1010.4
2025-06-01 21:50:00,PATNA-S3,21.1,80.2,1002.3
2025-06-01 21:55:00,BHOPAL-S1,19.2,84.3,997.5
2025-06-01 21:55:00,JAIPUR-S2,27.0,40.1,1010.4
2025-06-01 21:55:00,PATNA-S3,21.1,80.3,1002.3
2025-06-01 22:00:00,BHOPAL-S1,19.1,84.3,997.5
2025-06-01 22:00:00,JAIPUR-S2,27.0,40.1,1010.4
2025-06-01 22:00:00,PATNA-S3,21.2,80.3,1002.3
2025-06-01 22:05:00,BHOPAL-S1,19.1,84.3,997.5
2025-06-01 22:05:00,JAIPUR-S2,26.9,40.2,1010.4
2025-06-01 22:05:00,PATNA-S3,21.2,80.3,1002.3
2025-06-01 22:10:00,BHOPAL-S1,19.0,84.4,997.5
2025-06-01 22:10:00,JAIPUR-S2,26.8,40.2,1010.4
2025-06-01 22:10:00,PATNA-S3,21.3,80.4,1002.3
2025-06-01 22:15:00,BHOPAL-S1,19.0,84.4,997.5
2025-06-01 22:15:00,JAIPUR-S2,26.8,40.3,1010.4
2025-06-01 22:15:00,PATNA-S3,21.4,80.4,1002.3
2025-06-01 22:20:00,BHOPAL-S1,18.9,84.5,997.5
2025-06-01 22:20:00,JAIPUR-S2,26.7,40.3,1010.4
2025-06-01 22:20:00,PATNA-S3,21.4,80.5,1002.3
2025-06-01 22:25:00,BHOPAL-S1,18.9,84.5,997.5
2025-06-01 22:25:00,JAIPUR-S2,26.6,40.3,1010.4
2025-06-01 22:25:00,PATNA-S3,21.4,80.5,1002.3
2025-06-01 22:30:00,BHOPAL-S1,18.8,84.6,997.5
2025-06-01 22:30:00,JAIPUR-S2,26.6,40.4,1010.4
2025-06-01 22:30:00,PATNA-S3,21.5,80.6,1002.4
2025-06-01 22:35:00,BHOPAL-S1,18.7,84.6,997.6
2025-06-01 22:35:00,JAIPUR-S2,26.5,40.4,1010.4
2025-06-01 22:35:00,PATNA-S3,21.6,80.6,1002.4
2025-06-01 22:40:00,BHOPAL-S1,18.7,84.7,997.6
2025-06-01 22:40:00,JAIPUR-S2,26.4,40.5,1010.4
2025-06-01 22:40:00,PATNA-S3,21.6,80.7,1002.4
2025-06-01 22:45:00,BHOPAL-S1,18.6,84.7,997.6
2025-06-01 22:45:00,JAIPUR-S2,26.4,40.5,1010.4
2025-06-01 22:45:00,PATNA-S3,21.6,80.7,1002.4
2025-06-01 22:50:00,BHOPAL-S1,18.6,84.7,997.6
2025-06-01 22:50:00,JAIPUR-S2,26.3,40.6,1010.5
2025-06-01 22:50:00,PATNA-S3,21.7,80.7,1002.4
2025-06-01 22:55:00,BHOPAL-S1,18.5,84.8,997.6
2025-06-01 22:55:00,JAIPUR-S2,26.2,40.6,1010.5
2025-06-01 22:55:00,PATNA-S3,21.8,80.8,1002.4
2025-06-01 23:00:00,BHOPAL-S1,18.4,84.8,997.6
2025-06-01 23:00:00,JAIPUR-S2,26.2,40.7,1010.5
2025-06-01 23:00:00,PATNA-S3,21.8,80.8,1002.4
2025-06-01 23:05:00,BHOPAL-S1,18.4,84.9,997.6
2025-06-01 23:05:00,JAIPUR-S2,26.1,40.7,1010.5
2025-06-01 23:05:00,PATNA-S3,21.9,80.9,1002.4
2025-06-01 23:10:00,BHOPAL-S1,18.3,84.9,997.6
2025-06-01 23:10:00,JAIPUR-S2,26.0,40.8,1010.5
2025-06-01 23:10:00,PATNA-S3,21.9,80.9,1002.4
2025-06-01 23:15:00,BHOPAL-S1,18.3,85.0,997.6
2025-06-01 23:15:00,JAIPUR-S2,25.9,40.8,1010.5
2025-06-01 23:15:00,PATNA-S3,21.9,81.0,1002.4
2025-06-01 23:20:00,BHOPAL-S1,18.2,85.0,997.6
2025-06-01 23:20:00,JAIPUR-S2,25.9,40.9,1010.5
2025-06-01 23:20:00,PATNA-S3,22.0,81.0,1002.4
2025-06-01 23:25:00,BHOPAL-S1,18.1,85.1,997.6
2025-06-01 23:25:00,JAIPUR-S2,25.8,40.9,1010.5
2025-06-01 23:25:00,PATNA-S3,22.1,81.1,1002.4
2025-06-01 23:30:00,BHOPAL-S1,18.1,85.1,997.6
2025-06-01 23:30:00,JAIPUR-S2,25.7,41.0,1010.5
2025-06-01 23:30:00,PATNA-S3,22.1,81.1,1002.4
2025-06-01 23:35:00,BHOPAL-S1,18.0,85.2,997.6
2025-06-01 23:35:00,JAIPUR-S2,25.7,41.0,1010.5
2025-06-01 23:35:00,PATNA-S3,22.1,81.2,1002.4
2025-06-01 23:40:00,BHOPAL-S1,18.0,85.2,997.6
2025-06-01 23:40:00,JAIPUR-S2,25.6,41.1,1010.5
2025-06-01 23:40:00,PATNA-S3,22.2,81.2,1002.4
2025-06-01 23:45:00,BHOPAL-S1,17.9,85.3,997.6
2025-06-01 23:45:00,JAIPUR-S2,25.5,41.1,1010.5
2025-06-01 23:45:00,PATNA-S3,22.2,81.3,1002.4
2025-06-01 23:50:00,BHOPAL-S1,17.8,85.3,997.6
2025-06-01 23:50:00,JAIPUR-S2,25.4,41.2,1010.5
2025-06-01 23:50:00,PATNA-S3,22.3,81.3,1002.4
2025-06-01 23:55:00,BHOPAL-S1,17.8,85.4,997.6
2025-06-01 23:55:00,JAIPUR-S2,25.3,41.3,1010.5
2025-06-01 23:55:00,PATNA-S3,22.4,81.4,1002.4
not-a-timestamp,BHOPAL-S1,21.2,82.6,997.9
