timestamp,temperature_c,relative_humidity_pct,pressure_hpa
2025-06-01 00:00:00,16.0,86.8,997.4
2025-06-01 00:05:00,16.1,86.7,997.4
2025-06-01 00:10:00,16.2,86.7,997.4
2025-06-01 00:15:00,16.2,86.6,997.4
2025-06-01 00:20:00,16.3,86.6,997.4
2025-06-01 00:25:00,16.4,86.5,997.4
2025-06-01 00:30:00,16.5,86.4,997.4
2025-06-01 00:35:00,16.5,86.4,997.4
2025-06-01 00:40:00,16.6,86.3,997.4
2025-06-01 00:45:00,16.7,86.3,997.4
2025-06-01 00:50:00,16.7,86.2,997.5
2025-06-01 00:55:00,16.8,86.1,997.5
2025-06-01 01:00:00,16.9,86.1,997.5
2025-06-01 01:05:00,17.0,86.0,997.5
2025-06-01 01:10:00,17.0,86.0,997.5
2025-06-01 01:15:00,17.1,85.9,997.5
2025-06-01 01:20:00,17.2,85.9,997.5
2025-06-01 01:25:00,17.2,85.8,997.5
2025-06-01 01:30:00,17.3,85.8,997.5
2025-06-01 01:35:00,17.4,85.7,997.5
2025-06-01 01:40:00,17.4,85.6,997.5
2025-06-01 01:45:00,17.5,85.6,997.5
2025-06-01 01:50:00,17.6,85.5,997.5
2025-06-01 01:55:00,17.6,85.5,997.5
2025-06-01 02:00:00,17.7,85.4,997.5
2025-06-01 02:05:00,17.8,85.4,997.5
2025-06-01 02:10:00,17.8,85.3,997.5
2025-06-01 02:15:00,17.9,85.3,997.5
2025-06-01 02:20:00,18.0,85.2,997.5
2025-06-01 02:25:00,18.0,85.2,997.5
2025-06-01 02:30:00,18.1,85.1,997.5
2025-06-01 02:35:00,18.1,85.1,997.6
2025-06-01 02:40:00,18.2,85.0,997.6
2025-06-01 02:45:00,18.3,85.0,997.6
2025-06-01 02:50:00,18.3,84.9,997.6
2025-06-01 02:55:00,18.4,84.9,997.6
2025-06-01 03:00:00,18.4,84.8,997.6
2025-06-01 03:05:00,18.5,84.8,997.6
2025-06-01 03:10:00,18.6,84.7,997.6
2025-06-01 03:15:00,18.6,84.7,997.6
2025-06-01 03:20:00,18.7,84.7,997.6
2025-06-01 03:25:00,18.7,84.6,997.6
2025-06-01 03:30:00,18.8,84.6,997.6
2025-06-01 03:35:00,18.9,84.5,997.6
2025-06-01 03:40:00,18.9,84.5,997.6
2025-06-01 03:45:00,19.0,84.4,997.6
2025-06-01 03:50:00,19.0,84.4,997.6
2025-06-01 03:55:00,19.1,84.3,997.6
2025-06-01 04:00:00,19.1,84.3,997.6
2025-06-01 04:05:00,19.2,84.3,997.6
2025-06-01 04:10:00,19.2,,997.6
2025-06-01 04:15:00,19.3,84.2,997.7
2025-06-01 04:20:00,19.3,84.1,997.7
2025-06-01 04:25:00,19.4,84.1,997.7
2025-06-01 04:30:00,19.4,84.1,997.7
2025-06-01 04:35:00,19.5,84.0,997.7
2025-06-01 04:40:00,19.5,84.0,997.7
2025-06-01 04:45:00,19.6,83.9,997.7
2025-06-01 04:50:00,19.6,83.9,997.7
2025-06-01 04:55:00,19.7,83.9,997.7
2025-06-01 05:00:00,19.7,83.8,997.7
2025-06-01 05:05:00,19.8,83.8,997.7
2025-06-01 05:10:00,19.8,83.7,997.7
2025-06-01 05:15:00,19.9,83.7,997.7
2025-06-01 05:20:00,19.9,83.7,997.7
2025-06-01 05:25:00,20.0,83.6,997.7
2025-06-01 05:30:00,20.0,83.6,997.7
2025-06-01 05:35:00,20.0,83.6,997.7
2025-06-01 05:40:00,20.1,83.5,997.7
2025-06-01 05:45:00,20.1,83.5,997.7
2025-06-01 05:50:00,20.2,83.5,997.8
2025-06-01 05:55:00,20.2,83.4,997.8
2025-06-01 06:00:00,20.3,83.4,997.8
2025-06-01 06:05:00,20.3,83.4,997.8
2025-06-01 06:10:00,20.3,83.3,997.8
2025-06-01 06:15:00,20.4,83.3,997.8
2025-06-01 06:20:00,20.4,83.3,997.8
2025-06-01 06:25:00,20.5,83.2,997.8
2025-06-01 06:30:00,20.5,83.2,997.8
2025-06-01 06:35:00,20.5,83.2,997.8
2025-06-01 06:40:00,20.6,83.1,997.8
2025-06-01 06:45:00,20.6,83.1,997.8
2025-06-01 06:50:00,20.6,83.1,997.8
2025-06-01 06:55:00,20.7,83.1,997.8
2025-06-01 07:00:00,20.7,83.0,997.8
2025-06-01 07:05:00,20.8,83.0,997.8
2025-06-01 07:10:00,20.8,83.0,997.8
2025-06-01 07:15:00,20.8,82.9,997.8
2025-06-01 07:20:00,20.9,82.9,997.8
2025-06-01 07:25:00,20.9,82.9,997.8
2025-06-01 07:30:00,20.9,82.9,997.9
2025-06-01 07:35:00,21.0,82.8,997.9
2025-06-01 07:40:00,21.0,82.8,997.9
2025-06-01 07:45:00,21.0,82.8,997.9
2025-06-01 07:50:00,21.1,82.8,997.9
2025-06-01 07:55:00,21.1,82.7,997.9
2025-06-01 08:00:00,21.1,82.7,997.9
2025-06-01 08:05:00,21.1,82.7,997.9
2025-06-01 08:10:00,21.2,82.7,997.9
2025-06-01 08:15:00,21.2,82.6,997.9
not-a-timestamp,21.2,82.6,997.9
2025-06-01 08:25:00,21.3,82.6,997.9
2025-06-01 08:30:00,21.3,82.6,997.9
2025-06-01 08:35:00,21.3,82.6,997.9
2025-06-01 08:40:00,21.3,82.5,997.9
2025-06-01 08:45:00,21.4,82.5,997.9
2025-06-01 08:50:00,21.4,82.5,997.9
2025-06-01 08:55:00,21.4,82.5,997.9
2025-06-01 09:00:00,21.4,82.5,997.9
2025-06-01 09:05:00,21.5,82.4,997.9
2025-06-01 09:10:00,21.5,82.4,998.0
2025-06-01 09:15:00,21.5,82.4,998.0
2025-06-01 09:20:00,21.5,82.4,998.0
2025-06-01 09:25:00,21.5,82.4,998.0
2025-06-01 09:30:00,21.6,82.3,998.0
2025-06-01 09:35:00,21.6,82.3,998.0
2025-06-01 09:40:00,21.6,82.3,998.0
2025-06-01 09:45:00,21.6,82.3,998.0
2025-06-01 09:50:00,21.6,82.3,998.0
2025-06-01 09:55:00,21.7,82.3,998.0
2025-06-01 10:00:00,21.7,82.3,998.0
2025-06-01 10:05:00,21.7,82.2,998.0
2025-06-01 10:10:00,21.7,82.2,998.0
2025-06-01 10:15:00,21.7,82.2,998.0
2025-06-01 10:20:00,21.7,82.2,998.0
2025-06-01 10:25:00,21.8,82.2,998.0
2025-06-01 10:30:00,21.8,82.2,998.0
2025-06-01 10:35:00,21.8,82.2,998.0
2025-06-01 10:40:00,21.8,82.2,998.0
2025-06-01 10:45:00,21.8,82.1,998.0
2025-06-01 10:50:00,21.8,82.1,998.0
2025-06-01 10:55:00,21.8,82.1,998.1
2025-06-01 11:00:00,21.9,82.1,998.1
2025-06-01 11:05:00,21.9,82.1,998.1
2025-06-01 11:10:00,21.9,82.1,998.1
2025-06-01 11:15:00,21.9,82.1,998.1
2025-06-01 11:20:00,21.9,82.1,998.1
2025-06-01 11:25:00,21.9,82.1,998.1
2025-06-01 11:30:00,21.9,82.1,998.1
2025-06-01 11:35:00,21.9,82.1,998.1
2025-06-01 11:40:00,21.9,82.1,998.1
2025-06-01 11:45:00,21.9,82.0,998.1
2025-06-01 11:50:00,22.0,82.0,998.1
2025-06-01 11:55:00,22.0,82.0,998.1
2025-06-01 12:00:00,22.0,82.0,998.1
2025-06-01 12:05:00,36.9,82.0,998.1
2025-06-01 12:10:00,36.9,82.0,998.1
2025-06-01 12:15:00,36.5,82.0,998.1
2025-06-01 12:20:00,22.0,82.0,998.1
2025-06-01 12:25:00,22.0,82.0,998.1
2025-06-01 12:30:00,abc,82.0,998.1
2025-06-01 12:35:00,22.0,82.0,998.2
2025-06-01 12:40:00,22.0,82.0,998.2
2025-06-01 12:45:00,22.0,82.0,998.2
2025-06-01 12:50:00,22.0,82.0,998.2
2025-06-01 12:55:00,22.0,82.0,998.2
2025-06-01 13:00:00,22.0,82.0,998.2
2025-06-01 13:05:00,22.0,82.0,998.2
2025-06-01 13:10:00,22.0,82.0,998.2
2025-06-01 13:15:00,22.0,82.0,998.2
2025-06-01 13:20:00,22.0,82.0,998.2
2025-06-01 13:25:00,22.0,82.0,998.2
2025-06-01 13:30:00,22.0,82.0,998.2
2025-06-01 13:35:00,22.0,82.0,998.2
2025-06-01 13:40:00,22.0,82.0,998.2
2025-06-01 13:45:00,22.0,82.0,998.2
2025-06-01 13:50:00,22.0,82.0,998.2
2025-06-01 13:55:00,22.0,82.0,998.2
2025-06-01 14:00:00,22.0,82.0,998.2
2025-06-01 14:05:00,22.0,82.0,998.2
2025-06-01 14:10:00,22.0,82.0,998.2
2025-06-01 14:15:00,21.9,82.0,998.3
2025-06-01 14:20:00,21.9,82.1,998.3
2025-06-01 14:25:00,21.9,82.1,998.3
2025-06-01 14:30:00,21.9,82.1,998.3
2025-06-01 14:35:00,21.9,82.1,998.3
2025-06-01 14:40:00,21.9,82.1,998.3
2025-06-01 14:45:00,21.9,82.1,998.3
2025-06-01 14:50:00,21.9,82.1,998.3
2025-06-01 14:55:00,21.9,82.1,998.3
2025-06-01 15:00:00,21.9,82.1,998.3
2025-06-01 15:05:00,21.8,82.1,998.3
2025-06-01 15:10:00,21.8,82.1,998.3
2025-06-01 15:15:00,21.8,82.1,998.3
2025-06-01 15:20:00,21.8,82.2,998.3
2025-06-01 15:25:00,21.8,82.2,998.3
2025-06-01 15:30:00,21.8,82.2,998.3
2025-06-01 15:35:00,21.8,82.2,998.3
2025-06-01 15:40:00,21.7,82.2,998.3
2025-06-01 15:45:00,21.7,82.2,998.3
2025-06-01 15:50:00,21.7,82.2,998.4
2025-06-01 15:55:00,21.7,82.2,998.4
2025-06-01 16:00:00,21.7,82.3,998.4
2025-06-01 16:05:00,21.7,82.3,998.4
2025-06-01 16:10:00,21.6,82.3,998.4
2025-06-01 16:15:00,21.6,82.3,998.4
2025-06-01 16:20:00,21.6,82.3,998.4
2025-06-01 16:25:00,21.6,82.3,998.4
2025-06-01 16:30:00,21.6,82.3,998.4
2025-06-01 16:35:00,21.5,82.4,998.4
2025-06-01 16:35:00,21.5,82.4,998.4
2025-06-01 16:45:00,21.5,82.4,998.4
2025-06-01 16:50:00,21.5,82.4,998.4
2025-06-01 16:55:00,21.5,82.4,998.4
2025-06-01 17:00:00,21.4,82.5,998.4
2025-06-01 17:05:00,21.4,82.5,998.4
2025-06-01 17:10:00,21.4,82.5,998.4
2025-06-01 17:15:00,21.4,82.5,998.4
2025-06-01 17:20:00,21.3,82.5,998.4
2025-06-01 17:25:00,21.3,82.6,998.4
2025-06-01 17:30:00,21.3,82.6,998.5
2025-06-01 17:35:00,21.3,82.6,998.5
2025-06-01 17:40:00,21.2,82.6,998.5
2025-06-01 17:45:00,21.2,82.6,998.5
2025-06-01 17:50:00,21.2,82.7,998.5
2025-06-01 17:55:00,21.1,82.7,998.5
2025-06-01 18:00:00,21.1,82.7,998.5
2025-06-01 18:05:00,21.1,82.7,998.5
2025-06-01 18:10:00,21.1,82.8,998.5
2025-06-01 18:15:00,21.0,82.8,998.5
2025-06-01 18:20:00,21.0,82.8,998.5
2025-06-01 18:25:00,21.0,82.8,998.5
2025-06-01 18:30:00,20.9,82.9,998.5
2025-06-01 18:35:00,20.9,82.9,998.5
2025-06-01 18:40:00,20.9,82.9,998.5
2025-06-01 18:45:00,20.8,82.9,998.5
2025-06-01 18:50:00,20.8,83.0,998.5
2025-06-01 18:55:00,20.8,83.0,998.5
2025-06-01 19:00:00,20.7,83.0,998.5
2025-06-01 19:05:00,20.7,83.1,998.5
2025-06-01 19:10:00,20.6,83.1,998.5
2025-06-01 19:15:00,20.6,83.1,998.6
2025-06-01 19:20:00,20.6,83.1,998.6
2025-06-01 19:25:00,20.5,83.2,998.6
2025-06-01 19:30:00,20.5,83.2,998.6
2025-06-01 19:35:00,20.5,83.2,998.6
2025-06-01 19:40:00,20.4,83.3,998.6
2025-06-01 19:45:00,20.4,83.3,998.6
2025-06-01 19:50:00,20.3,83.3,998.6
2025-06-01 19:55:00,20.3,83.4,998.6
2025-06-01 20:00:00,20.3,83.4,997.4
2025-06-01 20:05:00,20.2,83.4,997.4
2025-06-01 20:10:00,20.2,83.5,997.4
2025-06-01 20:15:00,20.1,83.5,997.4
2025-06-01 20:20:00,20.1,83.5,997.4
2025-06-01 20:25:00,20.0,83.6,997.4
2025-06-01 20:30:00,20.0,83.6,997.4
2025-06-01 20:35:00,20.0,83.6,997.4
2025-06-01 20:40:00,19.9,83.7,997.4
2025-06-01 20:45:00,19.9,83.7,997.4
2025-06-01 20:50:00,19.8,83.7,997.5
2025-06-01 20:55:00,19.8,83.8,997.5
2025-06-01 21:00:00,19.7,83.8,997.5
2025-06-01 21:05:00,19.7,83.9,997.5
2025-06-01 21:10:00,19.6,83.9,997.5
2025-06-01 21:15:00,19.6,83.9,997.5
2025-06-01 21:20:00,19.5,84.0,997.5
2025-06-01 21:25:00,19.5,84.0,997.5
2025-06-01 21:30:00,19.4,84.1,997.5
2025-06-01 21:35:00,19.4,84.1,997.5
2025-06-01 21:40:00,19.3,84.1,997.5
2025-06-01 21:45:00,19.3,84.2,997.5
2025-06-01 21:50:00,19.2,84.2,997.5
2025-06-01 21:55:00,19.2,84.3,997.5
2025-06-01 22:00:00,19.1,84.3,997.5
2025-06-01 22:05:00,19.1,84.3,997.5
2025-06-01 22:10:00,19.0,84.4,997.5
2025-06-01 22:15:00,19.0,84.4,997.5
2025-06-01 22:20:00,18.9,84.5,997.5
2025-06-01 22:25:00,18.9,84.5,997.5
2025-06-01 22:30:00,18.8,84.6,997.5
2025-06-01 22:35:00,18.7,84.6,997.6
2025-06-01 22:40:00,18.7,84.7,997.6
2025-06-01 22:45:00,18.6,84.7,997.6
2025-06-01 22:50:00,18.6,84.7,997.6
2025-06-01 22:55:00,18.5,84.8,997.6
2025-06-01 23:00:00,18.4,84.8,997.6
2025-06-01 23:05:00,18.4,84.9,997.6
2025-06-01 23:10:00,18.3,84.9,997.6
2025-06-01 23:15:00,18.3,85.0,997.6
2025-06-01 23:20:00,18.2,85.0,997.6
2025-06-01 23:25:00,18.1,85.1,997.6
2025-06-01 23:30:00,18.1,85.1,997.6
2025-06-01 23:35:00,18.0,85.2,997.6
2025-06-01 23:40:00,18.0,85.2,997.6
2025-06-01 23:45:00,17.9,85.3,997.6
2025-06-01 23:50:00,17.8,85.3,997.6
2025-06-01 23:55:00,17.8,85.4,997.6
